42459137,1
2348568166,6
4489003011,83
4489003012,10
42426374,1
3833109164,1
42442764,1
42442766,1
42442770,14
42442755,2
5071822871,4
2631319579,2
1773076509,1
1773076511,8
5829779488,2
1773076513,1
2723627045,13
5829779494,4
4161568807,1
42459180,8
5829779501,1
5482291247,2
5829779506,2
4290879539,14
5829779508,5
5829779512,1
5482291259,1
5482291262,2
5829779520,4
5829779521,4
4207313546,1
5829779527,1
42440052,5
5482291276,1
5482291277,3
5482291278,10
5482291280,3
5482291281,2
5482291282,2
4637270099,4
42442836,5
4637270101,4
42442842,1
5481857115,6
5481857116,4
42442848,2
42442850,1
5482291307,4
1828749426,1
42455059,1
1828749428,6
42426960,2
42442877,1
42442881,2
42442889,1
4779073676,3
5481978562,7
42442895,2
1061531504,13
42442898,1
42448238,4
42453700,2
42452330,1
42442913,1
42427780,1
5829779485,1
3956129968,5
4501160115,2
4501160116,3
4501160118,1
42442935,1
42442937,2
2723627039,6
42442943,1
42442949,1
42442952,3
42442955,2
42442957,7
42442959,3
42442961,2
42442963,2
4546109658,8
4546109662,6
42442983,1
1203806440,1
4216045804,3
42434800,5
42434807,17
4216045816,1
42434810,7
42453717,14
4216045824,3
42440065,3
5482291244,3
4216045836,1
4216045837,3
4216045840,2
3019038994,1
42443027,3
4216045844,6
42443029,1
4216045848,1
4216045849,10
2348688861,199
5356470555,5
4492779804,1
42443037,10
3019039006,19
42440069,2
42443042,2
42443044,9
42443046,7
5163273913,4
1773076778,5
42443052,1
42443054,9
42443056,9
3834459528,3
42443058,1
42438707,1
588455733,2
42443066,2
2539225403,3
42443068,3
1760600381,12
42443072,8
42440075,2
42443061,1
42443078,1
42443081,4
1241323602,4053
4347535692,1
42443085,3
42434894,1
3834459533,6
42443088,9
42434898,4
42434904,2
42434905,3
5376251279,7
42455337,2
42434912,2
5863596386,3
5863596388,1
42434919,2
42434921,3
42443116,6
5863596399,4
4161569138,3
1577501047,2
4215595386,2
561035364,2
42434946,6
5163237441,11
42449644,1
42434959,2
5481877871,7
3630219668,14
42434974,1
5130936740,3
3420766636,13
42443181,6
42435997,2
42434992,5
5804835256,3
42435002,3
42441701,7
3602678205,1
3602678206,1
42445558,2
3248816589,4
5804835278,1
1506599377,3
60925991,1
486867432,1
4443775465,8
3817980397,5
1758380526,10
1758380528,11
5482291283,10
4637270100,2
5482250748,4
5482250749,1
42446933,8
42443268,4
4378236632,2
5481857114,29
486867490,6
5481939495,11
5482291292,10
5481939502,9
5481939504,8
42443313,1
42443320,2
42443326,4
595314101,2
2141026495,2
42443329,2
42443332,5
42446945,5
42425100,1
4301308490,3
486867534,1
42443344,1
42443346,5
3857400404,1
370893397,1
42438160,1
5161246305,7
42443353,2
486867548,4
1989931109,1
4207313504,4
4207313505,1
4207313506,1
42443363,1
4332479076,1
4207313509,2
42443366,1
4207313511,6
4207313512,7
4207313513,2
1728266858,17
4207313515,4
42451564,2
42443373,1
4207313519,2
42443381,3
42443388,3
42435198,6
5463851649,7
5463851650,3
4207313539,3
4301308549,8
4301308550,4
42435207,1
4301308553,3
4301308554,2
4301308555,3
596776386,1
4301308558,2
486867605,2
1775176473,4
2499757469,4
42435230,8
42435231,2
5783028386,6
5783028389,1
1764405361,7
42435240,2
589927879,7
595403438,2
3799564975,31
42423752,1
42435250,1
42435253,1
42438772,5
42435261,1
4556120771,1
42435269,1
5481922072,3
42435272,2
4285055691,4
4285055693,4
42427086,1
60925389,150
42429174,1
42451674,2
42443486,1
42435295,2
42443488,1
42446971,1
42435301,1
42427112,6
42427115,2
42435310,1
42435312,1
42427122,1
5115916414,5
42427126,1
42427128,1
42443513,2
5107733973,2
42435328,2
5115916416,4
42443522,1
42427139,4
42443524,9
42435335,3
42443528,10
42435337,2
42427146,2
42443532,2
5115916418,6
42443534,7
42435343,2
42427152,5
42435346,4
42427156,2
42427159,4
42451736,1
5178688282,2
5178688283,3
42427164,4
42435360,1
4544455459,5
42443556,8
42443077,2
42443559,6
42443561,3
42455175,4
2329912108,2
4888388399,5
5333189424,2
42427185,3
42451766,2
42429236,6
42435387,16
42435388,1
42443582,10
42435392,7
42446987,4
42427873,8
42435400,4
748725065,5
42435403,1
42427216,1
42434895,31
42437433,24
42435420,2
42443613,1
42435422,11
42443615,6
42443618,4
748725096,2
42435435,3
42446994,5
4886250352,2
42440079,5
42435448,2
302097273,1
42435451,6
597894017,1
3841254274,1
42446998,2
4762583943,2
4762583944,2
42443658,5
42443659,9
42435470,8
2351532367,3
3973686163,3
3973686164,1
42435477,4
42443671,7
42445637,5
42443680,10
42435491,2
42435497,2
42435499,1
42435504,1
42427316,3
42435509,5
42435514,9
42447007,13
42435516,5
5476501346,4
42427327,1
42435522,2
42427894,6
42427345,2
42427346,2
5481978547,1
42427352,12
3234087898,4
3316523995,2
3316523996,3
42427358,1
5401494495,1
5401494496,4
3316524008,7
42427369,10
42427371,4
42427374,14
42430263,7
390519635,103
42427381,17
1577321467,2
5882143750,2
3973686283,1
5691974668,2
5691974669,26
3973686291,1
42443799,2
42435610,8
42443804,2
42427423,4
42443810,1
42427427,13
42435624,27
3973686313,1
42443819,3
775996460,1
42435629,2
3391966045,1
42435632,13
42435633,3
42435642,2
42435644,32
42435645,3
42435646,7
5173625922,3
42435654,13
2141002593,2
42435657,22
42435660,67
42435663,116
42452048,1
42435671,21
42452056,2
42435675,2
4493840519,8
42435677,5
42435680,6
5481907297,8
42452067,9
42435684,14
42435687,6
5319124079,10
42452084,1
42435702,8
42435705,40
42435707,25
589928029,3
42435710,1
42427519,2
42435714,12
42445675,1
42435716,1
5373598785,1
4347733129,13
42449656,1
42427538,3
42448674,24
42443928,5
5824300187,3
596776474,7
3884582047,8
5824300192,2
42435746,4
5481882788,8
5481882789,3
5481882795,2
42443950,6
42435761,2
42435763,32
5481882805,25
42435766,7
5481882808,15
5481882809,9
42435775,9
701654214,304
42443975,3
4244407497,4
42435794,1
42435805,37
5482321445,3
42435810,5
6006916325,38
6006916326,12
1291420903,1
5482321447,7
2154628332,1
2154628339,3
761849081,6
42444028,10
2351527466,15
1209764736,47
42435844,5
3627697414,12
42428090,2
42435850,2
42444043,6
42429314,1
42435856,3
42444049,2
42444051,3
3817760020,1
42448430,1
42444055,1
42435865,10
5401363738,5
5401363739,1
42444060,7
3817760029,4
4649010465,5
42435876,2
42444069,5
42435881,2
42435885,3
3786876206,183
4711654705,3
3786876211,3
42442549,1
4711654710,1
42435898,4
42454840,1
42444097,7
3817631969,1
5481907909,4
42435923,2
42444116,1
42427735,1
42435928,3
4799735130,2
2956903775,7
42427744,2
42444129,4
42427747,3
2956903780,4
42438886,1
42435943,2
5783020904,3
4999169386,1
4999169387,1
595314028,2
4999169390,1
42435953,3
5539546686,2
4918486803,4
42427769,5
42452353,6
60925316,1
42457282,1
42427786,5
42427787,1
42452365,9
2308965779,4
42435988,2
42427797,1
3371304342,12
2499757467,3
42427805,9
4216045808,8
42436003,1
42427812,1
42427817,2
1283225159,2
42452396,1
3371304370,1
3907629299,2
3371304373,5
595314103,2
595314104,6
4401241777,3
42427834,1
42427846,5
595314119,2
595314120,12
42427849,2
42427852,10
595314125,1
42427855,1
42443000,7
42427859,1
2348688853,49
42427863,3
42427867,10
436764922,29
42427870,18
4138911201,5
42427877,9
42427883,1
42427888,1
42427891,8
1773078006,2
5481997815,5
5854381564,2
5854381572,3
5854381573,1
5854381574,3
701654537,770
1745856010,2
42427915,4
5854381582,3
42452495,5
2348688916,5
1729086998,3
5481924121,10
5481924122,3
5481924123,3
5481924125,1
2711029280,3
595320307,1
42432464,1
42427996,1
3934635613,9
5355267632,4
5355267635,1
4598752827,11
42427965,1
4501924445,1
42427968,1
42427970,2
42438923,2
4598752836,2
2348688966,1049
4598752841,4
4598752842,4
2075596386,1
4598752848,1
1745856081,5
4598752859,9
4598752860,11
4598752861,3
4598752862,1
42438928,4
42428003,3
4598752869,4
42428007,1
42428010,1
589928039,4
42428012,3
42428013,1
42428014,4
42428015,1
42428016,3
427845234,2
42428020,1
42428022,7
42428024,3
5115922043,2
3234481788,27
42428029,5
4814440062,2
42428032,5
42428034,1
42428037,1
42428043,2
42428103,1
42428047,1
42443032,10
4717512347,8
4301088413,4
42428063,5
42428065,1
42428068,1
42444453,9
42444456,11
42444457,116
42444458,3
2302133933,14
42428082,8
42450055,4
42428086,7
3519874746,6
3519874747,7
42436285,1
42428094,5
42436288,7
4918486722,4
4918486724,6
4918486725,3
5481907910,3
4918486727,2
5481998024,3
42436297,1
4301088458,4
42428107,2
5481907916,2
42444495,1
4298778320,1
4918486738,4
42444500,2
5481998037,3
5481998039,10
5481998043,8
42428124,1
274335455,7
4918486754,1
42428027,5
5481998052,1
1774036715,2
5481998061,1
3903014640,2
5481998068,4
5481998069,2
5481998070,1
4918486775,1
3562587897,1
42443050,12
3562587903,3
5481998081,1
3562587907,2
3562587908,2
5266458373,2
42428170,1
5481998093,3
5804713742,5
5804713743,2
5143758609,1
4491355922,4
42428179,2
5804713750,1
42428183,4
4918486812,3
4918486813,1
5804713758,1
4918486819,1
5357799204,11
42444581,6
42428198,2
42428201,2
5748721453,11
5481850671,20
5481850672,20
5748721458,1
5481850675,17
42428212,11
42428216,1
42428220,4
42427150,1
42428223,4
3817980392,6
4591871814,2
42428232,1
42428234,19
42452812,2
2512378850,10
42452814,1
5478861092,65
42436293,1
42428244,2
42428248,10
42440385,6
42428253,14
3786873829,2
42434384,67
42428258,7
2328595430,2
42428049,3
42428264,8
42429747,1
42428268,9
42428272,6
42441704,3
2329798514,10
42428277,7
42436475,1
42428287,16
42428291,16
42428294,3
42428297,14
42452875,2
42428300,2
42428303,4
42428305,6
42452882,3
42428308,9
3932923797,5
42428312,5
42428313,3
3817760667,2
4604258204,19
4604258205,11
42436510,4
42436511,38
42428321,3
42436514,1
42436516,6
4918486949,1
42428328,1
42428329,1
1829177258,1
1774036908,2
42436527,4
5373593520,5
42438984,3
1764626357,1
4918486971,2
596776201,1
42436544,4
42436546,3
42436549,7
42436551,2
42452936,1
3254626250,1
42436556,3
42444750,3
2075592658,8
42433075,4
1760600398,2
5401929687,2
42444452,4
42452954,1
5333821403,1
42452956,5
4598728670,2
3099326117,1
5227014112,5
42436582,6
42436586,5
42452973,3
3839412209,8
42447187,6
1795811317,6
42436598,1
3099326121,1
42436604,1
60925950,2
42436614,9
4207675399,17
42444809,1
371337226,3
42436619,5
42444812,1
42444814,4
42444461,1
42436624,1
42444817,3
42436627,1
42444820,4
3099326126,2
371337239,396
42428441,9
2141026516,5
42444827,1
42428444,34
42436637,2
5838374943,4
42444832,1
42444833,7
371337250,32
42444835,1
42436644,1
42449926,1
42428454,2
42436647,3
42428458,6
42436651,1
42428460,1
42428468,2
371337269,43
42444854,2
42428471,4
42428473,1
3099326127,2
4016646206,6
4016646207,2
42428480,2
3789563970,4
42428483,5
3718670407,5
3718670408,1
42428489,5
42428491,3
42428493,2
3718670414,2
3718670415,4
3718670416,6
42440376,4
3718670418,4
3718670419,3
3718670420,4
3718670421,2
3718670422,3
3718670423,2
3718670424,1
4759939161,1
42436700,24
42436701,3
42436703,1
42436705,2
42436707,15
42447206,1
42436710,9
42436716,8
5481859182,1
42453104,2
765233265,1
570539027,1970
42436724,2
42447209,1
42447210,2
42436734,1
765233284,22
3874617025,30
42436746,2
42453216,7
42436751,4
42436753,5
42436754,5
5829847195,1
42429466,2
42444485,1
2555971746,2
4207962275,11
42453156,12
5481998022,3
42453158,4
3234449577,1
5043087530,2
42444487,3
42428588,1
5043087533,3
2324482224,1
42436296,1
42428595,17
42428598,8
42453175,1
42436793,8
6100764858,2
4502505659,6
6100764861,2
42444991,1
4502505665,4
42453187,1
42436807,3
42436812,2
5487855822,43
5991033039,8
3236038864,1263
5487855825,3115
42445011,4
5481842904,5
5481842905,5
42445018,4
42445020,7
42428637,1
5487855838,238
42449127,7
42428640,2
42428643,6
5849918502,11
4378236625,2
42428648,2
42445033,3
3786901738,3
42429479,2
42445037,1
42445039,2
42428657,1
4235733235,1
42428661,1
42428663,2
42453241,2
42445051,2
42433578,1
42428670,2
42428674,5
3316533507,2
42428678,1
5481883912,11
42428682,4
42428689,3
5829462290,19
5478861077,2
42435861,11
42428695,2
42428701,2
3727763744,10
42428705,11
5478861090,340
42438218,1
42428711,2
42428714,1
42428716,11
42436913,1
42436914,1
42428723,5
42428725,2
42436919,3
42428728,1
42436921,4
42436922,1
42448607,8
42444081,3
5481978540,12
42428737,4
42436930,3
42428742,10
42436935,7
2351532361,2
42428746,1
42436939,7
42436941,11
42436942,1
42453327,1
42436944,1
2351532369,4
42436947,5
748726612,5
2339621205,1
748726614,1
3601295703,1
2339621209,1
3601295706,1
4207913307,2
2351532382,14
3278932321,2
42428770,1
42453349,1
2351532390,6
3834923369,3
42453354,2
4745685357,4
42436974,2
42445885,2
5585971573,2
42428790,2
4378236649,1
42436985,5
764742010,1
42436990,3
42428799,1
5481897024,1
3601295749,1
42436999,3
3830786441,4
1228990859,1
42445196,6
2061592973,3
42428814,2
1506445711,2
4166338962,2
371321235,87
5481897028,3
5481977583,2
2792787013,1
42428833,1
1722116514,4
42445219,1
42445225,2
42445227,2
42428844,1
42445230,2
42445232,1
1506445746,1
42445236,2
42432244,2
42437050,15
587934139,2
42437052,2
42443406,5
42445247,1
42437058,3
5481897035,2
42428869,1
42437067,1
42428876,1
42445261,1
42437071,1
42437074,5
42429222,22
42437078,3
42437082,4
42439588,4
42437084,6
42432223,1
2555972067,5
1506445797,1
42437096,8
1506445808,4
42428913,2
42437106,13
42437108,2
42428917,11
42437111,3
595479032,1
1764387321,1
42437114,3
5481998079,1
1506445821,1
42437118,7
42428928,5
42428931,4
42437124,2
42445910,2
4689234438,3
4689234439,33
42428936,3
42428939,2
42428941,4
42434989,2
42428944,4
42428947,5
42450009,3
42428953,1
42426799,64
42429530,1
1251830308,2
42428965,2
42428966,5
42428967,4
42428973,3
42428975,5
42445365,1
42437174,5
587934263,6
432736824,5
42437177,23
587934268,2
42428989,1
42445374,1
42429536,1
42445378,6
42437188,8
42445382,2
42453575,3
2176936521,15
42429002,2
42445390,1
42445392,1
42437201,8
42453586,4
42437204,4
42429013,4
2176936535,3
42429017,25
4906182415,2
42445404,6
247122525,3
42429023,1
42453601,3
42437218,4
42445411,8
42453604,1
5377706597,3
42437223,2
5377706601,1
42453610,2
1705982030,2
42453613,1
42445426,9
3833309811,6
42429044,2
4544006773,1
42445930,1
42448661,2
42429058,1
593839894,1
42450028,4
42453647,3
5883533080,1
60926616,2
42429083,3
765365642,148
42455493,1
42437280,1
42453669,1
42437289,1
42429100,2
42445489,3
42450035,4
42437300,1
42429109,2
42437305,14
42445498,8
42437312,1
42445505,3
1251830468,1
42437319,5
3900961228,3
42437324,4
5481859789,5
42453714,6
42437333,1
42432785,9
1209764919,4
42437343,11
1760596432,3
42437346,4
42437349,2
3023173727,3
42437358,3
42437363,40
5340982006,8
42437368,5
42437371,17
42453757,4
3235777279,10343
3883528662,3
42437384,2
42445585,2
42445587,4
42427190,11
42453785,8
42429211,3
42453788,1
42429215,17
42429216,7
42429217,6
42445603,1
42429220,4
3235777317,6
42445606,1
3809536808,1
3809536809,3
42429226,11
4681820971,494
3519965998,4
42429231,3
42437425,1
42437428,1
42447326,5
3235777336,3358
5481850676,6
42429242,1
42445627,2
42437436,1
42445635,2
3519966021,2
42445640,1
42446147,10
42437451,2
42445644,5
42445649,31
42445651,4
3235777365,125
42445656,2
42437465,2
42445661,3
1905863520,6
42439601,2
42437481,1
42430951,9
2653473644,1
42445680,5
4443775464,1
2653473655,7
1209512055,2
42437503,1
5482687360,10
3235777409,1013
3659164546,1
5482687363,8
3942050699,1
42429330,7
4681843182,241
42429334,52
42437529,2
42437530,5
42429340,5
3589024669,4
3589024670,1
1331391391,122
42429346,2
42429348,1
42445733,2
42445736,1
42445738,4
42445740,7
42447346,2
1205714859,1
42445748,5
42437559,1
3004844986,4
42429373,17
42429374,9
42429375,5
1764400288,4
3519874147,1
42437580,1
5115907021,2
5115907023,1
5549743267,4
42437589,5
5115907032,16
5115907034,4
5306313694,2
5115907039,1
42449971,6
42453986,1
42437605,6
3919350758,8
3919350759,9
42437608,3
5306313717,1
5306313719,1
42445823,3
42445827,8
5402045444,7
42437644,33
42445840,10
42429457,1
42445843,3
42437654,171
42448729,3
42445848,1
42454042,18
42437663,4
42445857,2
42429474,2
42437670,2
5849918503,1
5849918504,15
3590689287,11
589928034,1
42437686,3
42445879,1
1329122365,1
42445888,6
42441910,3
42440545,3
42445896,3
42445899,8
5721705549,4
42445908,3
42445909,2
3957124182,2
42445914,1
42445916,11
42445920,3
42429538,7
42445924,3
42429541,2
42445928,7
5727366250,6
1762438252,23
5883468989,4
42445936,4
3569749106,1
42429557,1
42448745,4
3569749112,2
42445947,20
5173480572,5
42435237,3
42445953,8
42437763,8
1329122438,3
42437768,5
42445961,2
42437770,3
42437773,8
42437775,1
42445972,5
3898241561,2
3569749145,2
2612730707,1
5549743255,1
5378413082,1
4745686174,1
42429637,5
3931524258,4
5481977581,2
5378413084,2
589928038,4
42454192,2
42454196,3
42429641,3
42446013,4
4999169388,2
42446016,3
1329122499,1
3670609093,3
3884600521,16
42429644,2
42429645,1
42429646,2
4235734223,19
4235734225,1
42438795,1
42429657,6
42429659,5
3579432156,6
4561702109,7
3579432159,1
42454240,2
4561702113,1
2089938148,1
5119773926,2
42429672,3
42429676,4
42439887,1
42429682,2
5119773940,1
2384399605,3
42429688,3
42437881,5
42429690,4
42429693,3
42429694,2
42437890,4
42446086,3
42429707,2
42429708,2
42446093,4
2428684163,7
5115916407,7
42446041,2
561949979,2
42437917,1
42437918,3
42437920,1
3060682017,5
42437923,10
42437925,5
42437926,2
42429735,10
42437928,1
42437929,1
42437932,4
42429741,2
42429661,1
42429744,1
42431027,2
42446132,3
42441950,1
42437942,2
42436489,8
42437944,2
42429754,1
42437949,3
42437951,14
42429762,1
3919359299,1
3579432161,2
42446152,3
42429769,6
42446155,11
4695707873,2
42429773,31
42437967,1
42446161,11
42446164,4
42429782,2
42446169,2
42437978,1
42447418,5
42454368,1
42446177,3
5377666402,1
416480371,198
5883469030,1
42446182,2
42446184,1
42454378,3
5407894891,37
42429806,1
5377666419,3
42429812,3
4918486932,1
5117963648,2
5117963649,2
42438018,2
42429827,1
5117963656,1
6001651081,4
42446218,6
5117963662,3
3817760664,1
42438034,3
4011396500,5
4011396501,1
1763787328,1
42431044,3
1544809882,23
42438043,3
42438045,8
5481868702,6
5481868703,1
42449427,6
42454433,3
4918486939,3
370888101,1
42455509,7
5759126952,3
3842788777,7
4205440426,3
42429868,2
4205440429,4
4290989487,1
4918486942,1
4301308489,5
42446270,5
42429685,1
1782787521,1
42446275,6
5401365957,9
5401365958,2
3235958215,4
42429896,2
42429900,1
5481999821,8
5481999822,21
42446072,1
4202950101,4
42453709,2
42421728,1
4301308496,175
42421731,1
5890772454,1
42421737,8
42421741,3
6031953400,2
370893396,1
6031953402,3
42446331,7
6031953405,12
42443349,2
42424235,4
42429960,2
42438153,1
1773121034,3
4207313495,3
42421772,8
42421775,2
42421776,3
42446353,5
42429970,3
42429971,3
42429974,3
42429976,8
42454553,8
42421786,6
42446363,8
42429980,3
42438173,3
5690420766,1
42421791,6
5174914593,3
42440125,2
42421803,1
42438189,6
42421806,4
42429999,6
42421809,1
42421810,1
42438199,2
42421820,1
4207731296,1
42421828,6
1584183222,1
1825803850,2
42421837,1
42430030,1
482807376,10
42430034,2
42454611,4
42430038,2
42421852,9
42454622,4
42438240,8
42421857,1
42436539,3
42430052,5
4207313510,1
42438246,1
42438247,7
1773063787,1
42430060,5
4492750446,2
42430063,2
42438257,3
42430068,6
42421877,2
42430075,4
42446461,6
42438271,2
42446466,6
42438275,7
3023172121,1
4296650376,8
42438281,11
42446478,1
42438288,1
42454673,2
42438291,1
42438292,7
42438295,9
42438297,3
42438300,1
42438306,1
5163273892,1
42421927,2
5726416552,21
3747899335,174
5377666732,3
42454701,1
5163273905,1
5163273906,219
42446521,8
1774036938,2
5163273919,692
42446528,4
5458505412,130
42446533,5
42437921,2
5458505418,2
401731275,133
4320194253,1
5306314446,3
5377666767,7
4635925384,3
4259278547,2
42421972,2
42446552,4
4259278553,1
3519874719,4
42421985,5
42446562,1
42431099,2
4320194279,6
3248774451,3
1203883754,15
42446571,3
42421996,1
42422000,10
5482216744,6
2698702581,15
42422006,1
2698702583,10
5378420476,1
5378420478,11
42422016,1
5482291251,14
42422018,1
3579426774,1
5482216748,1
42439905,12
42446604,12
5482216749,3
401731345,1774
42431107,8
42445855,1
3588534037,511
5490841347,1
42446617,2
42430244,1
1061531429,10
42430247,4
42430249,9
42430253,22
42430255,6
42430257,2
42430259,2
42429946,1
42451593,1
1061531448,1
42430265,7
42430269,14
1061531454,6
42430271,8
4321038145,10
42430274,2
42430277,6
60927817,1
42430282,4
42446668,2
42430288,2
42430292,4
42455694,6
42430295,13
42430298,2
42446138,6
42422110,3
42430304,64
42438498,3
1061531491,15
42433069,14
42430311,1
1061531496,1
42430314,2
42430317,3
42430320,2
42430324,1
1061531509,6
42430329,6
42438523,2
42430333,9
4481642369,2
42430338,4
42438531,1
1061531525,4
42430342,3
42446728,1
42430347,4
42428998,2
42430350,17
371337197,15
42430352,5
42438547,5
42430356,2
42430358,4
5048446874,1
42430363,2
1061531550,1
42430367,1
581365664,1
42430371,7
3505942436,9
42430375,3
42430378,13
2165157806,4
42430384,12
2165157809,3
42446772,2
42452130,1
1061531575,4
1764626360,1
42430394,1
1764626363,3
5263790014,6
1061531593,11
42435234,2
1215606737,1
42454994,1
1061531603,6
5152337879,6
5152337886,1
42455007,1
42455013,4
42435275,1
42425681,1
1203884010,5
1061531631,2
42455026,7
1061531645,2
42455039,1
406048768,1
1504153604,2
1061531654,3
4163940359,6
5004570633,1
42430474,8
42455051,4
42430482,3
1203806575,1
42430485,13
42430488,4
1504153626,2
42446875,1
1061531682,4
42446885,1
2496639018,3
42455083,4
2496639020,9
42438702,2
1061531695,3
42438704,5
3718672433,9
3718672435,2
3718672436,2
3718672437,1
3718672438,1
42443020,7
3718672443,1
1730318401,1
371337227,1
1061531717,9
42455113,1
2481877068,2
42446925,7
1061531727,2
5117972561,2
1061531730,1
1061531731,1
42446932,6
5117972565,3
42446934,3
1061531736,1
5122601050,2
42446941,2
42446942,3
5481885792,16
5481885793,8
42446949,4
5481869414,8
5522139153,4
5296795756,8
5296795757,1
42446959,39
1209576808,1
1764405363,9
4493840500,2
4493840503,14
42442584,23
5115916411,1
42429006,10
4493840510,5
42438784,13
42446977,3
4493840514,1
42446187,4
42438788,2
4493840518,11
4528918663,1
42446986,3
1061531787,5
42455181,7
5481998023,3
42446991,8
42431666,3
5041369234,1
5041369236,2
764738926,3
5041369238,1
42438809,4
1061531802,4
1061531807,18
42447009,20
1061531810,1
4577988774,11
1061531815,1
42447020,4
42438836,8
42447030,2
42438839,2
5883533073,1
5119807677,12
42436640,12
4544917699,8
5481959620,11
42455238,2
1061531847,3
2140997997,1
42438859,2
42455245,3
42438862,12
42438867,1
42447060,2
5828423894,2
42430680,2
42455259,1
42447069,1
3817631967,3
42430688,2
42438881,2
42430691,1
42447076,4
42430694,3
42438889,2
42430698,1
42438891,6
1695379692,1
42438894,6
42430704,3
42430707,8
3907629304,3
42430713,2
42438908,3
42438913,3
765365633,164
42438920,4
3589888044,1
42447115,2
370897167,202
42430736,6
42447126,5
42430745,1
42430747,2
42447132,5
42447136,4
42438949,1
42455335,4
42447144,1
42438953,3
42447149,4
42434129,13
42438961,1
42438963,1
60920116,168
4505948472,3
42438971,1
42438973,7
42447166,6
42447169,1
42447176,3
42447179,3
42447182,9
42431203,1
3519902038,1
3519902039,2
42447192,4
42447196,4
42447199,54
42447201,5
42455396,1
5481886054,4
42447207,4
42447208,1
5481886057,32
42446472,7
5481877867,8
4298781037,2
4298781038,1
4298781039,1
42447230,1
42448655,2
1764400304,9
42433107,10
3718670403,1
42447255,3
3514651038,7
595481001,1
42447281,1
42430898,1
1762221470,8
42447295,2
42430914,1
42448930,1
5689234166,3
5254361544,1
5721677302,1
42430924,2
3900961229,11
3718670413,4
3900961232,4
42439416,1
42447317,5
3212472790,2
42430938,2
561035343,9
42430942,1
42447330,2
3900961254,1
561035345,7
42447336,3
4321038135,2
5487825387,40
5487825388,9
3976008173,2
42436929,3
42430959,3
205025778,1
42448979,3
4747399672,1
42427136,3
42439170,1
3023172099,2
42430981,1
42430983,12
42430984,1
42430985,5
42439178,1
561035351,2
42439181,2
3900964270,1
5278159382,1
42431000,6
4298773017,1
42431002,2
3023172123,2
42431004,2
42431005,2
42431007,3
42431008,5
42431009,3
42439207,2
42439210,2
42447404,10
42439213,12
42431024,1
42435336,2
1251856947,6
561035358,2
42431030,2
5890982665,1
42439225,2
42431034,2
42453087,3
42439228,1
42431037,4
42431039,1
561035360,3
42439236,3
1761415755,5
42435341,1
42431057,2
4115968597,11
1584624215,1
3602667620,3
42455643,18
1731564125,5
42439440,5
42438024,6
42439272,3
42439275,10
4298764909,1
42455662,1
42431089,2
4298961522,21
42431094,6
42428130,2
4298764920,1
5522182777,10
4298764923,1
4298764925,4
42431102,6
3360772885,1
4298764929,3
42431106,5
5458524666,3
42431108,5
42431111,1
42431113,4
42431116,2
42431118,3
42455695,5
42455705,1
42439323,1
42436641,1
3371135656,3
42431260,4
4163883691,7
42431207,3
3898143420,1
42431165,1
42431168,4
42427168,1
42439362,17
2141026500,2
42455751,1
42439371,1
42431180,7
42455761,8
42431186,2
42439384,4
42431193,4
3099327951,10
42439392,3
42431201,4
3119952610,11
42439395,3
42439399,2
42431210,2
42439403,7
5689234156,3
5689234157,4
42439406,2
3639382768,2
42439409,4
3099327955,5
371206270,34
4376122102,3
4376122103,3
4376122104,3
4376122105,1
4376122109,5
42431230,5
42437211,4
42443563,4
761860869,3
42439432,2
42431242,21
561042190,11
561042191,1
561042192,1
561042193,1
42432847,12
42431252,12
561042197,1
561042200,3
42431257,6
561042204,1
42439464,3
4207863943,12
42429029,4
42423101,2
42439486,1
42439488,1
42439489,6
42439490,12
3946500931,1
42443574,4
4236104521,1
4236104522,3
42423116,2
42439506,3
5147808597,5
5147808598,4
627905367,3
42455897,1
2141026505,3
4487582555,3
4487582556,4
627905378,22
42427196,1
42439537,4
3829871478,6
2141026506,6
42455929,1
5130933115,2
42455934,2
596775808,1
5481960321,7
42423170,1
42439556,4
5148103557,3
42439559,2
42439561,4
5148103563,13
4918486923,1
5148103566,14
42439567,6
596775825,1
42435395,13
42446190,2
4298757018,14
4332540827,1
42441771,4
5829907363,2
4298757028,2
4298757029,3
42439590,1
1733612459,5
5690422189,10
42439598,2
42439599,2
4298757041,2
5721677299,1
4298757044,1
42439497,1
5481998050,2
596775867,2
42439613,7
4298757058,8
596775876,1
42442230,3
1769485254,1
4461990857,28
4207962274,6
2141026509,3
596775892,2
42431447,2
4298757082,7
596775900,1
42431453,5
42459041,2
42431459,1
42431461,9
4785165288,5
596775914,1
42456049,1
596775930,1
42456060,1
5490791421,3
42423295,1
42456066,3
596775941,1
596775946,1
42435415,4
42456076,2
596775951,1
5115917328,12
5115917334,6
596775963,1
42439708,2
42439514,1
42439711,3
5375822000,1
42456101,3
42439718,6
42443612,2
596775979,1
42439728,1
596775985,3
1332843571,1
42443614,7
42431544,1
42431549,2
596775998,1
42431556,10
42431560,3
5422624268,5
42431563,13
596776017,2
4302910549,1
42428601,6
1332843611,1
4302910559,7
371037281,2
5883469005,1
42439783,5
4597668028,6
596776046,1
2141026493,4
3377460336,1
2141026494,7
5161751673,4
42439802,2
4191922367,3
42456197,23
5463840961,2
2141026498,1
596776078,1
42439823,30
42450456,3
42439826,12
42456211,1
42439830,2
596776089,1
42439834,6
42431643,3
42439836,20
596776095,2
42439840,3
42431649,1
42439842,11
42431652,1
42431654,1
42431656,1
42439849,2
42439851,1
42439852,2
42431661,1
42429981,2
2141026504,2
42439858,4
42439860,7
42439861,4
42431671,1
596776120,1
42431674,4
42439868,3
42431677,2
42431678,2
596776127,1
42431680,5
42431681,4
2141026507,1
42431684,1
3602642118,2
5240026599,5
3783144655,2
1251382481,4
42439894,1
5481845975,2
5041370328,3
4687262937,1
4687262939,1
4191917276,4
42431712,2
2682336481,10
42431714,5
42439910,4
5357196526,4
42456303,2
596776177,1
1251382514,18
5118031091,1
42439924,1
42439927,2
4491359481,1
42439553,1
4549080328,16
4549080329,7
4549080330,5
42423564,7
42448141,4
42439952,1
42439955,10
3916376281,2
42439960,6
42439964,6
42428634,11
42439968,5
42439972,8
42434097,1
5487855836,2266
42439981,1
3832902958,2
42439984,22
42439990,3
42439994,13
42439996,4
42440001,1
42439563,4
42440004,1
42440009,13
60921162,1
42448203,1
42440012,10
5043074382,3
42440015,3
2704110928,2
5043074386,2
1774037219,1
42440020,3
5137978709,5
42440022,12
3884569945,3
42428645,1
4555838816,4
4555838817,3
5798966629,1
3817756011,1
5837182318,4
2141026536,1
3841324404,7
42440056,7
42440059,1
245511548,17
42453226,1
42448254,3
42448257,2
596776325,2
4500010374,9
3834459527,2
3783071112,4
3834459530,7
1919595915,9
1919595917,1
3834459535,13
5376251280,4
42435869,4
42448278,6
3834459543,2
3834459546,7
42448283,17
4707407261,1
3834459550,6
42455963,3
3670742436,12
3670742445,6
3670742446,2
42440112,5
3269834161,12
3269834162,5
42449139,1
3670742454,6
2141026548,7
42440122,3
3670742460,1
42448317,8
3670742462,1
5481911746,1
42440131,2
5481911748,8
3670742469,1
42440134,1
5481911751,3
1852323272,10
42440138,2
2141026551,2
42440144,5
42448338,3
5107733972,4
2709968341,2
3927578072,1
42440153,92
42431234,5
596776413,12
589927903,42
42440163,3
2831988196,3
4870256103,6
4870256104,1
42440170,9
3236025842,1
42453246,78
42456568,2
596776442,2
42448379,3
42432001,4
596775851,6
42434134,1
42448390,3
589927943,1
5487851016,2
3783071246,4
1266332589,2
5481883907,9
42456598,1
3931534872,8
5481847044,9
595703322,3
589927965,1
4300994887,2
42456611,6
4276517126,2
2351527463,7
1745991208,1
1745991209,1
1745991210,4
1745991212,2
1745991214,2
596776497,2
42428782,5
42432054,2
42448440,1
5161246303,2
42432060,2
42453258,30
42432063,26
5159433792,1
42432066,15
42432068,14
42428922,2
42432071,5
42432073,1
42432075,4
42423885,1
42432078,1
42446031,3
589928020,2
595703381,1
596776534,7
42432088,1
589928028,2
42432093,4
42432094,1
42432095,1
589928033,3
596776546,1
589928035,1
589928037,2
42432102,1
42432103,3
42456683,2
3892037906,6
42432111,7
3116856947,2
3799572066,6
5260236407,1
42440313,4
42448506,4
420591228,5
420591231,1
5481977615,2
42440323,2
42456708,2
42440325,7
42440326,2
1283225223,7
42440330,1
3858909357,2
1752946324,3
42452485,4
1752946328,8
42439620,3
42432161,4
42432165,4
3099326118,3
3099326119,4
3099326120,47
3579426473,2
3099326122,5
3099326124,7
42432174,2
3579426479,3
3099326128,1
5377666400,3
42432178,2
42432181,1
3270031030,1
2869155512,15
3579426492,2
42440381,6
3874617023,1
5481912001,4
5481912002,5
5478861089,1
4378236617,1
596776656,1
42440401,1
5458548435,8
5883533014,2
3847026391,2
42440408,1
3847026393,2
42432218,2
42448605,3
4786386654,2
5542680287,2
42424032,5
42432226,1
42448611,6
42434172,2
5542680301,2
5542680303,7
42432241,2
5542680306,2
5481887476,30
42432250,3
5478861098,44
5542680320,2
5481977602,6
5159737091,1
42440452,9
42440453,2
5490841352,1
5481977609,4
5481977610,9
42440459,17
42440463,25
42440465,4
5883533074,3
5883533075,1
42440469,3
5883533078,1
5883533079,1
42440472,8
42424089,10
42432282,7
5490844634,40
42443520,8
1241308805,81
42424098,1
42424133,80
5696984870,2
1773082408,2
42451932,3
42424109,2324
42432302,2
42432305,3
595105589,3
1332860726,2
1332860731,1
42448701,12
42436917,8
42448707,1
42432324,1
1918039877,8
42448714,2
3686061904,5
5163273870,1
5481846617,11
3686061916,4
42448735,6
3686061921,5
5420927291,5
42440548,5
5377666406,7
42440553,1
42429338,16
480491377,1
42440566,2
42440567,1
2499803009,2
42442596,2
748726593,1
42432395,1
42440595,1
2348568217,191
42455252,3
5117991237,2
42440611,1
42440619,2
42448813,11
2799368116,3
42432438,3
4300994889,3
42432444,8
2504882506,1
3944708030,4
42432451,1
3252590541,2
3252590544,6
42457046,2
42436943,1
42429342,9
42440679,9
42440682,2
5846916775,6
42440686,1
5377666728,24
1544809886,5
5924124669,3
3579426818,9
42424757,4
42440710,9
5478861088,50
42440729,1
4300945441,1
4300945442,4
42440743,6
42435891,2
42432556,1
5416905054,12
3589888054,2
3579426871,2
42437801,1
42434255,2
561035330,9
4300912707,1
42432580,5
561035334,2
42432585,11
4296710219,2
4296710220,1
42432589,5
561035342,4
4296710223,2
42440785,7
3602667602,8
561035347,1
561035348,13
561035349,3
42432598,5
1993431127,33
42440792,1
561035354,2
561035355,1
561035356,2
561035357,2
42440798,1
561035359,3
42433165,9
561035361,4
561035362,1
561035363,2
42440804,18
561035365,3
561035366,3
561035367,2
561035368,3
561035369,3
42440810,2
561035372,3
561035373,10
561035374,5
42449007,2
561035376,1
561035377,2
561035378,3
42435603,2
561035380,2
561035381,2
561035382,3
42424439,1
5377666751,5
42449021,1
42449023,2
42435894,2
42449029,5
42441077,2
5481915415,1
4625652077,8
42432659,10
42449045,2
3898480791,2
42432665,3
42432669,4
5079840929,9
2141026534,2
4551293297,8
4577294512,7
4597668020,5
42432693,2
4597668022,1
4597668023,1
2141026491,1
42432700,11
4597668029,4
4597668030,25
4597668031,3
4597668032,1
4597668033,7
42432706,7
42434251,11
4597668036,18
4233922934,81
4597668038,3
2141026503,1
4597668040,3
4597668041,12
4597668042,2
4597668043,2
4597668044,4
42427426,1
2141026510,1
2141026513,2
4216060114,6
2141026515,2
2340960585,2
2141026518,7
4681845133,44
2141026521,1
2141026522,2
2141026523,2
2141026525,6
42432736,2
2141026532,2
387184869,1
42440934,4
42440935,18
42432744,4
2141026538,2
2141026540,1
5306314450,3
4276517102,2
2141026544,5
387184881,4
2141026546,1
42446547,1
42432756,3
42432894,9
42440951,5
5306314452,2
4276517114,1
764742015,7
42432764,1
4300994814,8
42440960,4
5481847043,3
1289222404,24
42440966,5
4300994823,6
42443820,12
4300994829,6
42449166,6
5481847055,4
4300994833,7
1289222420,9
42432789,10
4300994838,3
4081416473,17
42432795,1
42445189,6
42443824,3
42432802,5
42428807,1
3099327929,4
592509222,1
2504882471,2
42441000,1
1289222443,4
5117745456,2
42432818,34
42456115,6
42432825,15
42434271,6
2340960573,2
5117991232,10
5117991233,4
42432834,3
3830786443,3
5916527828,1
4300994885,1
5165644103,1
4300929352,1
4300929353,3
42432900,3
42437005,1
42432856,7
3976829276,1
42432861,6
3976829278,6
3686062432,2
4347550054,2
775996476,5
4625652075,1
3601295762,1
4625652081,2
42432882,3
4551293299,5
4625652085,1
4347550074,5
5481863550,10
42432897,7
42441091,2
42457476,2
1202018697,2
42435650,14
1761401231,1
42432917,1
42449308,4
42432928,4
42432929,30
42449314,4
42432931,8
42432932,3
42432933,5
42432936,3
2340960681,2
2340960683,9
5481937324,3
3377387951,2
3269867952,4
5481937329,7
5481937330,31
5481937331,7
42449333,5
42432950,6
5481937335,2
5481937336,4
42450089,2
42432955,1
42432956,2
42432957,1
42432960,3
42432961,5
42432963,18
6029892036,11
42432967,1
42432970,9
5681037047,1
42432974,1
42432980,1
42424789,1
42432985,2
4906056158,3
42432992,2
42432994,6
596776083,1
42441191,4
4500012796,5
5552273903,5
2629368304,19
3009534450,1
42443817,2
5552273910,2
42433017,1
5889481210,6
3009534459,4
42433020,9
5889481214,3
596776021,2
42433024,4
42449413,1
42433030,1
42433035,6
5481907288,9
42424851,1
42433044,3
2840402453,3
42433046,3
42433057,1
5163244066,1
5481907291,2
42433060,7
42433062,8
42433064,3
5481907292,3
42433066,18
5481863723,21
42433068,2
5481863725,10
5481863727,4
5481863728,4
5481863730,11
5481863731,1
42433077,8
42433080,4
5481863739,10
5416901181,18
5416901182,5
5481863743,1
247798339,2
3584752197,6
5481863751,2
42433097,8
3584752206,3
3584752207,3
5481907299,2
5552274521,2
42439873,4
2348568335,701
3584752220,2
42428858,4
3584752236,1
42443821,6
3552713327,2
42445185,1
42433138,1
5829827196,6
5829827205,1
5481896583,1
42433161,1
5829827211,11
1506445762,4
3584752270,1
2238282383,1
5754763922,4
42433173,2
2238282390,2
1764424345,2
5481978527,1
5481978531,1
3584752292,4
42449576,4
5481978538,42
42449580,1
3783146157,1
42449582,1
3783146161,4
3783146163,2
42449589,2
42449593,12
1764647103,1
5481978556,1
42442528,6
3783146178,1
3783146179,3
5481978580,10
5481978582,1
42449627,4
42449631,3
42449634,4
1901016187,2
42433252,2
42449637,2
42449639,6
42449641,2
596775819,1
4600847096,25
1541937917,6
42433292,4
42433295,2
5282642709,6
5282642710,1
1541937943,6
3239828255,4
5637143331,1
3519874182,6
3783088937,4
42452147,3
5375679279,7
5375679280,4
42441521,2
3314285364,2
3314285365,6
42433339,1
42441535,1
42433346,3
1061531447,7
42458936,2
3683162963,3
2612730708,2
4321038137,7
4557495130,3
5764773007,6
42441564,1
42433377,2
3683162987,1
4321038141,10
5444733416,1
2350521202,7
42441587,1
2350521210,49
42442559,2
3584752508,3
5883468677,2
4841945992,6
42449804,2
4321038146,8
4585289965,21
4806876056,4
42433007,1
4321038149,12
42428912,25
42449828,2
42449833,2
42428914,7
42449840,6
42449843,2
42434377,13
3928841144,5
42441668,1
42433014,2
1209744328,1
42428919,7
3377460386,4
3314293713,4
5043084246,4
4207786968,1
3314293725,1
42449886,4
42458960,2
42449890,1
42449893,3
42434385,2
5174909928,1
42433513,1
42434386,3
1764387325,7
42428926,2
42433526,3
42449918,1
42434389,2
42433539,1
42433542,5
42433543,6
42449928,2
42438487,4
42433549,5
42433550,2
42433553,1
42449938,1
3236038893,210
5481882798,6
42449942,4
42449945,3
42439855,1
42449948,5
42433565,6
42433567,6
42449954,1
42449956,6
42428934,3
1773067304,3
42449961,16
588938282,3
42449963,8
593886253,2
4322008112,3
42441777,9
42433587,1
4322008116,2
4322008117,9
4322008118,4
42449979,4
42449982,3
5481897023,1
5373598784,4
42449985,2
5481897027,2
42433604,3
42449991,6
42433611,4
42441805,1
42439864,3
42433620,14
2704112725,4
4235738198,8
42433625,2
1761401124,1
42450015,4
416480352,613
42450025,4
42438503,2
42433644,4
42450030,7
589298803,4
42450037,1
2308955254,2
416480376,14
42442659,6
42450044,2
42438506,2
5354421378,6
42450052,4
2140994070,1
427850887,1
5354421384,2
42450057,16
42428951,5
2704112780,2
42450061,3
42438509,5
42450066,2
42450071,4
5549743256,4
5549743261,4
42450080,6
42441889,1
5549743266,20
42450083,5
5277924518,2
42441895,1
3099327935,2
42441899,1
5481839789,10
42441903,2
5481839792,4
1764400306,1
42441907,3
3932847286,2
1807940791,4
42441913,10
3932847290,1
1241742525,2
42441926,2
5883469003,2
5883469004,2
42433058,4
5883469006,4
5883469008,2
42441942,3
1251605719,15
4304633048,1
42441947,9
42458333,1
5175213278,46
42441951,2
42441952,6
42441953,1
42458342,11
42443024,5
42442621,3
593984752,1
5481839857,2
5481839858,1
4625620216,1
5545401594,2
42433789,3
5175213312,18
42446721,9
42433800,8
5377666727,7
5481907293,6
5119753487,1
42446723,10
2967753945,1
42433115,5
42433072,6
42439899,3
3239828774,6
1251605800,2
596776156,1
4491377964,1
1203887405,6
5482216753,1
1251605811,9
4241743161,1
5022965056,6
5482216770,17
1251605831,2
5780020553,3
5522138338,4
5482216785,2
42428985,4
5482216794,5
4288677093,87
5482216800,2
42438544,14
42450275,2
42435814,5
42440502,1094
3786728679,6
42434259,1
4544486780,11
4970519941,4
42433927,2
42442123,4
42428994,1
42442128,2
1241742743,4
5357196527,1
370924957,13
42425758,4
42450341,2
5041372584,2
42439922,1
4347534766,47
42425780,1
4347534777,17
3099327931,1
5496610236,1503
5527035327,1
4347534784,2
42442656,9
2767371714,21
3099327940,4
42434465,3
3099327944,4
3099327945,6
3099327948,2
5496610253,135
3099327950,6
5496610255,23
3099327952,1
3747282386,3
3747282387,11
373850916,10
3099327957,3
3099327961,8
3099327962,3
5178498523,3
3099327964,5
3099327965,3
3099327966,2
3099327968,4
3099327970,9
3099327972,14
3099327974,11
3099327975,9
3099327976,9
42435837,3
1692433907,4
2496650741,6
1692433910,4
1692433911,1
42450426,3
1692433916,6
5481922045,13
5481922046,6
5481922047,1
42450434,7
5481922051,1
42427649,3
1692433928,7
5481922057,1
42453591,6
1692433932,6
42442255,4
1692433939,6
1692433940,2
1692433942,1
42434072,9
4382842395,7
3830783516,2
4382842398,5
42427768,1
3830783520,5
3830783523,2
42434085,2
42434087,2
5481922088,4
42434090,1
5515623980,7
4382842415,1
4382842417,7
42434098,18
5481922099,14
42434101,12
42439216,1
42434105,1
5004570630,1
2929098299,5
42434111,2
42434113,4
42446036,4
42434117,3
5377706593,2
42434122,1
42446775,5
5129051729,2
42434131,3
4161568342,4
4161568343,5
42434140,1
42446778,2
42445413,3
3799572065,6
5161246306,3
5161246307,1
42434148,1
5378686567,5
42458728,3
5378686569,13
4578008683,8
42434158,1
42434160,1
42434165,2
42434168,4
42435860,4
4708064890,2
5118033532,2
4862610026,5
42434175,2
42429035,30
42442492,3
42435863,9
42458766,3
5373594221,3
42442384,1
42434196,3
42434205,1
5846916771,4
5846916772,11
2099150501,4
42434215,2
42442415,1
42442417,1
5159452341,1
42442422,3
42434233,3
3392519867,3
5159452349,4
5159452350,3
3519874721,7
5159452352,1
5159452353,1
42434246,1
42435873,9
5829844680,17
42434249,15
5829844682,3
5829844683,4
5829844684,3
42442445,5
4931387087,4
4931387088,1
42441949,1
42442451,10
42434262,23
3235708631,4
42434264,3
42434268,4
42442463,15
166878947,1546
42442475,4
5152337874,1
42442480,6
1760596466,14
1773084402,5
1773084405,4
5481897719,5
5481897720,6
1773084410,2
5481897723,3
5481897724,12
42434306,2
42434308,1
42442502,7
42442514,2
5103543598,2
5482291296,1
42426138,10
4890040965,4
3857366816,14
3569852193,2
42434338,2
42434340,9
42442534,6
4301307687,231
42442542,5
42434352,2
42434354,2
42434355,8
42434357,10
42434358,1
42442552,10
42442555,11
42442557,7
588455743,1
588455744,1
42442561,14
42442565,2
42442567,5
42442569,5
42439498,3
42442575,8
5163687760,2
4420411217,13
5163687762,51
42449550,9
5475082071,1
4598718296,1
42442586,3
5015321231,9
42442589,1
561035346,1
42442604,14
5716393839,4
42442609,1
42442613,3
42442618,1
42434427,5
1209761660,1
42434429,1
5784518526,1
42442625,9
42434434,5
42442628,9
42434439,21
5173624712,2
42442635,6
42442638,11
42442642,6
42442645,4
748724996,81
596776260,2
42442651,12
5007384480,1
5007384481,1
5481856931,1
1205714855,2
42442664,8
5481856939,2
42442671,4
1205714871,2
5119754172,4
3316834250,1
42442702,1
3060682047,1
5481881554,24
5481939505,2
42442710,1
4776041124,1
561035350,3
42442717,3
5131026400,2
42442723,1
4161568740,4
42435957,4
42442728,2
2058919913,9
42459114,3
42442734,7
4298760176,2
42442741,2
