"((40.823004499999996, 74.032699), (40.823004499999996, 74.0789962))",0.17189466217684987
"((40.7302611, 74.032699), (40.7302611, 74.0789962))",0.16658175277890622
"((40.748696, 74.032699), (40.748696, 74.0789962))",0.16351471891925434
"((40.7978177, 74.032699), (40.7978177, 74.0789962))",0.16540214103817896
"((40.8249718, 74.032699), (40.8249718, 74.0789962))",0.1725463566465656
"((40.6993184, 74.032699), (40.6993184, 74.0789962))",0.17600194116077772
"((40.70534779999999, 74.032699), (40.70534779999999, 74.0789962))",0.17377464756403155
"((40.831243900000004, 74.032699), (40.831243900000004, 74.0789962))",0.1747557567956329
"((40.7575782, 74.032699), (40.7575782, 74.0789962))",0.1627633317063859
"((40.861839399999994, 74.032699), (40.861839399999994, 74.0789962))",0.18817708074726602
"((40.7282552, 74.032699), (40.7282552, 74.0789962))",0.16703485737642496
"((40.7677952, 74.032699), (40.7677952, 74.0789962))",0.16249626202089415
"((40.8040466, 74.032699), (40.8040466, 74.0789962))",0.1666774222066189
"((40.8086749, 74.032699), (40.8086749, 74.0789962))",0.16776854756602494
"((40.7565764, 74.032699), (40.7565764, 74.0789962))",0.16282401126972318
"((40.8159657, 74.032699), (40.8159657, 74.0789962))",0.1697292992220661
"((40.839845200000006, 74.032699), (40.839845200000006, 74.0789962))",0.17810050255618284
"((40.861103899999996, 74.032699), (40.861103899999996, 74.0789962))",0.1878072267651422
"((40.770781299999996, 74.032699), (40.770781299999996, 74.0789962))",0.162539449144671
"((40.769830600000006, 74.032699), (40.769830600000006, 74.0789962))",0.1625197475011672
"((40.840877500000005, 74.032699), (40.840877500000005, 74.0789962))",0.1785255703592477
"((40.771021999999995, 74.032699), (40.771021999999995, 74.0789962))",0.16254531899025293
"((40.8574318, 74.032699), (40.8574318, 74.0789962))",0.18599318286433053
"((40.7485736, 74.032699), (40.7485736, 74.0789962))",0.16352841917429164
"((40.8756516, 74.032699), (40.8756516, 74.0789962))",0.19550700843305827
"((40.7623951, 74.032699), (40.7623951, 74.0789962))",0.16255748570672784
"((40.792061700000005, 74.032699), (40.792061700000005, 74.0789962))",0.16442478641376923
"((40.7188627, 74.032699), (40.7188627, 74.0789962))",0.16945652916312265
"((40.85426470000001, 74.032699), (40.85426470000001, 74.0789962))",0.1844729993782713
"((40.8296445, 74.032699), (40.8296445, 74.0789962))",0.17417356361082448
"((40.8070862, 74.032699), (40.8070862, 74.0789962))",0.1673803873175218
"((40.783256200000004, 74.032699), (40.783256200000004, 74.0789962))",0.1633113291065975
"((40.7508636, 74.032699), (40.7508636, 74.0789962))",0.16328710892670859
"((40.7738811, 74.032699), (40.7738811, 74.0789962))",0.16264227448880908
"((40.778017, 74.032699), (40.778017, 74.0789962))",0.16287126422006792
"((40.7109411, 74.032699), (40.7109411, 74.0789962))",0.1718718430892403
"((40.7452532, 74.032699), (40.7452532, 74.0789962))",0.16393450494988168
"((40.749706599999996, 74.032699), (40.749706599999996, 74.0789962))",0.16340506200679034
"((40.71063579999999, 74.032699), (40.71063579999999, 74.0789962))",0.17197155357791977
"((40.7911523, 74.032699), (40.7911523, 74.0789962))",0.16428828943735882
"((40.7800479, 74.032699), (40.7800479, 74.0789962))",0.16302200697455918
"((40.7243099, 74.032699), (40.7243099, 74.0789962))",0.16799237451269153
"((40.6977468, 74.032699), (40.6977468, 74.0789962))",0.1766117054925935
"((40.845379, 74.032699), (40.845379, 74.0789962))",0.18043647606136692
"((40.777201899999994, 74.032699), (40.777201899999994, 74.0789962))",0.16281784848355257
"((40.777851399999996, 74.032699), (40.777851399999996, 74.0789962))",0.16286008320323037
"((40.838055499999996, 74.032699), (40.838055499999996, 74.0789962))",0.1773753852407187
"((40.8337849, 74.032699), (40.8337849, 74.0789962))",0.17570667265193318
"((40.7537121, 74.032699), (40.7537121, 74.0789962))",0.16303134415348747
"((40.8071606, 74.032699), (40.8071606, 74.0789962))",0.1673982487239452
"((40.7441689, 74.032699), (40.7441689, 74.0789962))",0.16408145185612197
"((40.7493838, 74.032699), (40.7493838, 74.0789962))",0.16343941676353035
"((40.7320199, 74.032699), (40.7320199, 74.0789962))",0.16620336872763086
"((40.837143100000006, 74.032699), (40.837143100000006, 74.0789962))",0.17701153686721882
"((40.8195593, 74.032699), (40.8195593, 74.0789962))",0.17080199734854948
"((40.840901200000005, 74.032699), (40.840901200000005, 74.0789962))",0.17853538746020264
"((40.8335709, 74.032699), (40.8335709, 74.0789962))",0.17562536847395832
"((40.749395899999996, 74.032699), (40.749395899999996, 74.0789962))",0.16343811762135843
"((40.8483207, 74.032699), (40.8483207, 74.0789962))",0.1817346319456323
"((40.8147244, 74.032699), (40.8147244, 74.0789962))",0.16937490716031092
"((40.8532704, 74.032699), (40.8532704, 74.0789962))",0.18400439630281681
"((40.7759936, 74.032699), (40.7759936, 74.0789962))",0.16274614450008695
"((40.835074600000006, 74.032699), (40.835074600000006, 74.0789962))",0.17620137215766712
"((40.7049441, 74.032699), (40.7049441, 74.0789962))",0.17391813843211543
"((40.8098391, 74.032699), (40.8098391, 74.0789962))",0.16806195755641257
"((40.7749428, 74.032699), (40.7749428, 74.0789962))",0.16269105710211346
"((40.7039425, 74.032699), (40.7039425, 74.0789962))",0.17427767458309948
"((40.869418100000004, 74.032699), (40.869418100000004, 74.0789962))",0.19211067623662986
"((40.696015, 74.032699), (40.696015, 74.0789962))",0.17729733104545542
"((40.824723299999995, 74.032699), (40.824723299999995, 74.0789962))",0.17246293528249262
"((40.75499, 74.032699), (40.75499, 74.0789962))",0.16293265467929668
"((40.7056391, 74.032699), (40.7056391, 74.0789962))",0.1736716173060308
"((40.7183768, 74.032699), (40.7183768, 74.0789962))",0.16959501984728895
"((40.7956958, 74.032699), (40.7956958, 74.0789962))",0.1650191582817076
"((40.8652675, 74.032699), (40.8652675, 74.0789962))",0.18992901289190817
"((40.751674200000004, 74.032699), (40.751674200000004, 74.0789962))",0.1632093058650847
"((40.814485100000006, 74.032699), (40.814485100000006, 74.0789962))",0.16930754789227276
"((40.858807, 74.032699), (40.858807, 74.0789962))",0.1866661456843313
"((40.699487899999994, 74.032699), (40.699487899999994, 74.0789962))",0.1759368893837021
"((40.7230908, 74.032699), (40.7230908, 74.0789962))",0.16830585089355155
"((40.749300299999994, 74.032699), (40.749300299999994, 74.0789962))",0.16344840605601832
"((40.7500509, 74.032699), (40.7500509, 74.0789962))",0.16336911405652213
"((40.789084100000004, 74.032699), (40.789084100000004, 74.0789962))",0.16399621532124914
"((40.7168828, 74.032699), (40.7168828, 74.0789962))",0.1700288300877307
"((40.7730344, 74.032699), (40.7730344, 74.0789962))",0.16260832871523878
"((40.8439927, 74.032699), (40.8439927, 74.0789962))",0.17983814292305791
"((40.7750427, 74.032699), (40.7750427, 74.0789962))",0.16269600314701396
"((40.73665220000001, 74.032699), (40.73665220000001, 74.0789962))",0.16529221882279324
"((40.8412366, 74.032699), (40.8412366, 74.0789962))",0.1786745972919606
"((40.693144000000004, 74.032699), (40.693144000000004, 74.0789962))",0.1784651925570967
"((40.7073541, 74.032699), (40.7073541, 74.0789962))",0.17307373382952113
"((40.713454, 74.032699), (40.713454, 74.0789962))",0.17106962587917982
"((40.8287104, 74.032699), (40.8287104, 74.0789962))",0.17383944933979645
"((40.7701106, 74.032699), (40.7701106, 74.0789962))",0.162524972529895
"((40.8707177, 74.032699), (40.8707177, 74.0789962))",0.1928070737291928
"((40.7568903, 74.032699), (40.7568903, 74.0789962))",0.16280433744913833
"((40.7245857, 74.032699), (40.7245857, 74.0789962))",0.16792260244056684
"((40.718386100000004, 74.032699), (40.718386100000004, 74.0789962))",0.16959235716532783
"((40.7566421, 74.032699), (40.7566421, 74.0789962))",0.16281984361401694
"((40.7762961, 74.032699), (40.7762961, 74.0789962))",0.16276325695590282
"((40.7024685, 74.032699), (40.7024685, 74.0789962))",0.1748158765058026
"((40.7636064, 74.032699), (40.7636064, 74.0789962))",0.16252814606080704
"((40.781675799999995, 74.032699), (40.781675799999995, 74.0789962))",0.16316099006810147
"((40.8670524, 74.032699), (40.8670524, 74.0789962))",0.19085919723493558
"((40.8517696, 74.032699), (40.8517696, 74.0789962))",0.1833050308290628
"((40.7555415, 74.032699), (40.7555415, 74.0789962))",0.16289314193572713
"((40.7779973, 74.032699), (40.7779973, 74.0789962))",0.16286992532770828
"((40.6917447, 74.032699), (40.6917447, 74.0789962))",0.17904832398995527
"((40.7851441, 74.032699), (40.7851441, 74.0789962))",0.1635107623237479
"((40.800253600000005, 74.032699), (40.800253600000005, 74.0789962))",0.16587417691022258
"((40.715373799999995, 74.032699), (40.715373799999995, 74.0789962))",0.1704791662696735
"((40.8463995, 74.032699), (40.8463995, 74.0789962))",0.18088245299888422
"((40.7470992, 74.032699), (40.7470992, 74.0789962))",0.16370055004783213
"((40.821427899999996, 74.032699), (40.821427899999996, 74.0789962))",0.17138690449977018
"((40.75029489999999, 74.032699), (40.75029489999999, 74.0789962))",0.16334407291485387
"((40.742638899999996, 74.032699), (40.742638899999996, 74.0789962))",0.1643007503854227
"((40.745404, 74.032699), (40.745404, 74.0789962))",0.16391462588324077
"((40.6967391, 74.032699), (40.6967391, 74.0789962))",0.17700891931677318
"((40.7636973, 74.032699), (40.7636973, 74.0789962))",0.16252630825885714
"((40.7134622, 74.032699), (40.7134622, 74.0789962))",0.17106706238011507
"((40.70867379999999, 74.032699), (40.70867379999999, 74.0789962))",0.1726238504147188
"((40.846168799999994, 74.032699), (40.846168799999994, 74.0789962))",0.1807812252337147
"((40.8104388, 74.032699), (40.8104388, 74.0789962))",0.16821604274564186
"((40.8356926, 74.032699), (40.8356926, 74.0789962))",0.17644127226656506
"((40.7101799, 74.032699), (40.7101799, 74.0789962))",0.17212135035611467
"((40.830234000000004, 74.032699), (40.830234000000004, 74.0789962))",0.1743866651164716
"((40.8343016, 74.032699), (40.8343016, 74.0789962))",0.17590389872440113
"((40.7269656, 74.032699), (40.7269656, 74.0789962))",0.1673382108451103
"((40.772502200000005, 74.032699), (40.772502200000005, 74.0789962))",0.16258924498060504
"((40.703131400000004, 74.032699), (40.703131400000004, 74.0789962))",0.17457249702333355
"((40.847116799999995, 74.032699), (40.847116799999995, 74.0789962))",0.18119870881715258
"((40.74212429999999, 74.032699), (40.74212429999999, 74.0789962))",0.16437764391258655
"((40.733549200000006, 74.032699), (40.733549200000006, 74.0789962))",0.1658888141074083
"((40.7558698, 74.032699), (40.7558698, 74.0789962))",0.1628705027314736
"((40.875658, 74.032699), (40.875658, 74.0789962))",0.19551056729508184
"((40.7047902, 74.032699), (40.7047902, 74.0789962))",0.17397305602236962
"((40.7029381, 74.032699), (40.7029381, 74.0789962))",0.1746432410260776
"((40.8561049, 74.032699), (40.8561049, 74.0789962))",0.1853512119151474
"((40.75655510000001, 74.032699), (40.75655510000001, 74.0789962))",0.16282536809506312
"((40.731700399999994, 74.032699), (40.731700399999994, 74.0789962))",0.16627078635395653
"((40.8621167, 74.032699), (40.8621167, 74.0789962))",0.1883170811190916
"((40.8109533, 74.032699), (40.8109533, 74.0789962))",0.16834982707521187
"((40.75436989999999, 74.032699), (40.75436989999999, 74.0789962))",0.16297929974819836
"((40.697964, 74.032699), (40.697964, 74.0789962))",0.17652672636867872
"((40.7458511, 74.032699), (40.7458511, 74.0789962))",0.1638564888946809
"((40.745452, 74.032699), (40.745452, 74.0789962))",0.16390832693198598
"((40.8429794, 74.032699), (40.8429794, 74.0789962))",0.17940631250478228
"((40.8753632, 74.032699), (40.8753632, 74.0789962))",0.1953467875373561
"((40.7143758, 74.032699), (40.7143758, 74.0789962))",0.17078367568360425
"((40.7519789, 74.032699), (40.7519789, 74.0789962))",0.16318109181278623
"((40.8578484, 74.032699), (40.8578484, 74.0789962))",0.18619623312077105
"((40.80012979999999, 74.032699), (40.80012979999999, 74.0789962))",0.16584935604337767
"((40.7118911, 74.032699), (40.7118911, 74.0789962))",0.1715646793978647
"((40.7550524, 74.032699), (40.7550524, 74.0789962))",0.16292809079211296
"((40.840093200000005, 74.032699), (40.840093200000005, 74.0789962))",0.1782021677341911
"((40.8236429, 74.032699), (40.8236429, 74.0789962))",0.1721039465033098
"((40.775363, 74.032699), (40.775363, 74.0789962))",0.16271227375660127
"((40.811157, 74.032699), (40.811157, 74.0789962))",0.1684031997458592
"((40.7095398, 74.032699), (40.7095398, 74.0789962))",0.17233348612501914
"((40.7575098, 74.032699), (40.7575098, 74.0789962))",0.16276727932850305
"((40.7403606, 74.032699), (40.7403606, 74.0789962))",0.16465311292484758
"((40.7117111, 74.032699), (40.7117111, 74.0789962))",0.17162251725485247
"((40.7799451, 74.032699), (40.7799451, 74.0789962))",0.1630137720847328
"((40.8691101, 74.032699), (40.8691101, 74.0789962))",0.1919465522568572
"((40.77443770000001, 74.032699), (40.77443770000001, 74.0789962))",0.16266698661994472
"((40.7628974, 74.032699), (40.7628974, 74.0789962))",0.16254422434575466
"((40.79481679999999, 74.032699), (40.79481679999999, 74.0789962))",0.16486824641817174
"((40.8308901, 74.032699), (40.8308901, 74.0789962))",0.17462587640809016
"((40.799456799999994, 74.032699), (40.799456799999994, 74.0789962))",0.16571597809807934
"((40.864761200000004, 74.032699), (40.864761200000004, 74.0789962))",0.1896673868211534
"((40.714679700000005, 74.032699), (40.714679700000005, 74.0789962))",0.17069038945298565
"((40.82036970000001, 74.032699), (40.82036970000001, 74.0789962))",0.17105340678751346
"((40.735321299999995, 74.032699), (40.735321299999995, 74.0789962))",0.16554124292227895
"((40.694429, 74.032699), (40.694429, 74.0789962))",0.17793770290031916
"((40.8476237, 74.032699), (40.8476237, 74.0789962))",0.18142357756039879
"((40.8677503, 74.032699), (40.8677503, 74.0789962))",0.1912262016363181
"((40.845752000000005, 74.032699), (40.845752000000005, 74.0789962))",0.18059894284752823
"((40.716508000000005, 74.032699), (40.716508000000005, 74.0789962))",0.1701395449742416
"((40.872149799999995, 74.032699), (40.872149799999995, 74.0789962))",0.19358167521747358
"((40.7461626, 74.032699), (40.7461626, 74.0789962))",0.16381669320018302
"((40.8618967, 74.032699), (40.8618967, 74.0789962))",0.188205984828365
"((40.724289500000005, 74.032699), (40.724289500000005, 74.0789962))",0.16799755215148865
"((40.849981799999995, 74.032699), (40.849981799999995, 74.0789962))",0.1824845362544543
"((40.832229999999996, 74.032699), (40.832229999999996, 74.0789962))",0.17512101934617474
"((40.7208348, 74.032699), (40.7208348, 74.0789962))",0.16890762755128208
"((40.851141, 74.032699), (40.851141, 74.0789962))",0.18301496913160914
"((40.7613189, 74.032699), (40.7613189, 74.0789962))",0.16259111929380712
"((40.7241195, 74.032699), (40.7241195, 74.0789962))",0.16804078924741012
"((40.733009, 74.032699), (40.733009, 74.0789962))",0.16599838404467218
"((40.7798182, 74.032699), (40.7798182, 74.0789962))",0.16300369548008187
"((40.7899824, 74.032699), (40.7899824, 74.0789962))",0.16411993670838207
"((40.8389533, 74.032699), (40.8389533, 74.0789962))",0.17773725629775533
"((40.8646201, 74.032699), (40.8646201, 74.0789962))",0.18959465121488775
"((40.866817299999994, 74.032699), (40.866817299999994, 74.0789962))",0.1907359812836925
"((40.836195000000004, 74.032699), (40.836195000000004, 74.0789962))",0.17663765110486618
"((40.7845088, 74.032699), (40.7845088, 74.0789962))",0.1634412435005412
"((40.7226682, 74.032699), (40.7226682, 74.0789962))",0.16841644076562842
"((40.835095, 74.032699), (40.835095, 74.0789962))",0.17620926181062185
"((40.7117855, 74.032699), (40.7117855, 74.0789962))",0.1715985904117299
"((40.7576561, 74.032699), (40.7576561, 74.0789962))",0.16275887069801445
"((40.8092032, 74.032699), (40.8092032, 74.0789962))",0.16790075661879403
"((40.872908, 74.032699), (40.872908, 74.0789962))",0.19399480231193028
"((40.8546565, 74.032699), (40.8546565, 74.0789962))",0.18465879444449346
"((40.7715947, 74.032699), (40.7715947, 74.0789962))",0.16256071712936415
"((40.8696137, 74.032699), (40.8696137, 74.0789962))",0.19221508909764287
"((40.8384456, 74.032699), (40.8384456, 74.0789962))",0.1775321534169063
"((40.7814516, 74.032699), (40.7814516, 74.0789962))",0.16314089133765072
"((40.7510495, 74.032699), (40.7510495, 74.0789962))",0.1632689134921062
"((40.7219463, 74.032699), (40.7219463, 74.0789962))",0.16860763656564492
"((40.768315, 74.032699), (40.768315, 74.0789962))",0.16249983604866527
"((40.8533213, 74.032699), (40.8533213, 74.0789962))",0.1840282834464684
"((40.80620220000001, 74.032699), (40.80620220000001, 74.0789962))",0.16717055106496545
"((40.806420200000005, 74.032699), (40.806420200000005, 74.0789962))",0.16722188835724816
"((40.7298967, 74.032699), (40.7298967, 74.0789962))",0.16666236265339812
"((40.8339283, 74.032699), (40.8339283, 74.0789962))",0.17576127880239564
"((40.739954700000006, 74.032699), (40.739954700000006, 74.0789962))",0.16471911765673236
"((40.7559295, 74.032699), (40.7559295, 74.0789962))",0.16286645665972144
"((40.8084854, 74.032699), (40.8084854, 74.0789962))",0.16772150458949434
"((40.786549799999996, 74.032699), (40.786549799999996, 74.0789962))",0.16367324332340688
"((40.8404715, 74.032699), (40.8404715, 74.0789962))",0.1783578007032323
"((40.7957635, 74.032699), (40.7957635, 74.0789962))",0.16503096987078944
"((40.8377305, 74.032699), (40.8377305, 74.0789962))",0.17724532831444062
"((40.8377458, 74.032699), (40.8377458, 74.0789962))",0.1772514397684939
"((40.8368575, 74.032699), (40.8368575, 74.0789962))",0.17689845811677962
"((40.796254600000005, 74.032699), (40.796254600000005, 74.0789962))",0.1651174575816976
"((40.7517165, 74.032699), (40.7517165, 74.0789962))",0.16320535533398672
"((40.712612, 74.032699), (40.712612, 74.0789962))",0.17133473839721586
"((40.825349200000005, 74.032699), (40.825349200000005, 74.0789962))",0.1726736566068038
"((40.704039200000004, 74.032699), (40.704039200000004, 74.0789962))",0.1742427442333304
"((40.7428588, 74.032699), (40.7428588, 74.0789962))",0.1642683727228183
"((40.818258, 74.032699), (40.818258, 74.0789962))",0.17040558372319767
"((40.751791, 74.032699), (40.751791, 74.0789962))",0.16319842396985018
"((40.7676199, 74.032699), (40.7676199, 74.0789962))",0.16249543161705526
"((40.8045701, 74.032699), (40.8045701, 74.0789962))",0.16679475423194068
"((40.790637100000005, 74.032699), (40.790637100000005, 74.0789962))",0.1642131445910881
"((40.822108899999996, 74.032699), (40.822108899999996, 74.0789962))",0.1716046337113697
"((40.722183799999996, 74.032699), (40.722183799999996, 74.0789962))",0.16854441714872329
"((40.74564779999999, 74.032699), (40.74564779999999, 74.0789962))",0.1638827755928093
"((40.7432036, 74.032699), (40.7432036, 74.0789962))",0.16421818500288793
"((40.8076051, 74.032699), (40.8076051, 74.0789962))",0.1675056098323094
"((40.8511969, 74.032699), (40.8511969, 74.0789962))",0.18304069484356142
"((40.736436, 74.032699), (40.736436, 74.0789962))",0.16533196859422813
"((40.8160941, 74.032699), (40.8160941, 74.0789962))",0.16976643327140312
"((40.7173776, 74.032699), (40.7173776, 74.0789962))",0.16988382342072056
"((40.8302553, 74.032699), (40.8302553, 74.0789962))",0.1743943973935331
"((40.7378286, 74.032699), (40.7378286, 74.0789962))",0.1650807243764174
"((40.7647205, 74.032699), (40.7647205, 74.0789962))",0.1625091272984168
"((40.848457200000006, 74.032699), (40.848457200000006, 74.0789962))",0.1817957992153972
"((40.7573173, 74.032699), (40.7573173, 74.0789962))",0.1627785429847958
"((40.786493799999995, 74.032699), (40.786493799999995, 74.0789962))",0.1636665426163916
"((40.692368200000004, 74.032699), (40.692368200000004, 74.0789962))",0.17878737449876464
"((40.8665027, 74.032699), (40.8665027, 74.0789962))",0.19057142846716013
"((40.808383299999996, 74.032699), (40.808383299999996, 74.0789962))",0.16769624177736728
"((40.7672217, 74.032699), (40.7672217, 74.0789962))",0.1624942480065466
"((40.8472334, 74.032699), (40.8472334, 74.0789962))",0.18125033355931827
"((40.84100720000001, 74.032699), (40.84100720000001, 74.0789962))",0.17857932705765536
"((40.876280200000004, 74.032699), (40.876280200000004, 74.0789962))",0.1958572451398345
"((40.7618749, 74.032699), (40.7618749, 74.0789962))",0.1625728544142994
"((40.7430811, 74.032699), (40.7430811, 74.0789962))",0.16423593446896112
"((40.7681315, 74.032699), (40.7681315, 74.0789962))",0.1624983844710251
"((40.859615600000005, 74.032699), (40.859615600000005, 74.0789962))",0.18706542879122576
"((40.6998224, 74.032699), (40.6998224, 74.0789962))",0.1758089217109358
"((40.779506, 74.032699), (40.779506, 74.0789962))",0.1629793228825153
"((40.8312961, 74.032699), (40.8312961, 74.0789962))",0.17477497193504068
"((40.7217797, 74.032699), (40.7217797, 74.0789962))",0.16865216877233627
"((40.7643316, 74.032699), (40.7643316, 74.0789962))",0.1625148987460628
"((40.870227899999996, 74.032699), (40.870227899999996, 74.0789962))",0.1925438775812245
"((40.829790700000004, 74.032699), (40.829790700000004, 74.0789962))",0.17422625254081064
"((40.70592979999999, 74.032699), (40.70592979999999, 74.0789962))",0.17356922567092128
"((40.7202387, 74.032699), (40.7202387, 74.0789962))",0.16907130441565835
"((40.867307000000004, 74.032699), (40.867307000000004, 74.0789962))",0.19099286987907452
"((40.7248862, 74.032699), (40.7248862, 74.0789962))",0.16784706461109927
"((40.7051851, 74.032699), (40.7051851, 74.0789962))",0.17383237901292192
"((40.827301299999995, 74.032699), (40.827301299999995, 74.0789962))",0.17334373991654042
"((40.7838523, 74.032699), (40.7838523, 74.0789962))",0.16337196927947362
"((40.70292020000001, 74.032699), (40.70292020000001, 74.0789962))",0.17464980144781503
"((40.7809206, 74.032699), (40.7809206, 74.0789962))",0.1630945085888648
"((40.73985020000001, 74.032699), (40.73985020000001, 74.0789962))",0.16473626834963329
"((40.722294299999994, 74.032699), (40.722294299999994, 74.0789962))",0.1685151094954189
"((40.749877399999995, 74.032699), (40.749877399999995, 74.0789962))",0.1633871392863068
"((40.8098552, 74.032699), (40.8098552, 74.0789962))",0.16806606813620562
"((40.7356684, 74.032699), (40.7356684, 74.0789962))",0.16547530151766635
"((40.7112367, 74.032699), (40.7112367, 74.0789962))",0.17177576248473564
"((40.8252518, 74.032699), (40.8252518, 74.0789962))",0.1726407328297798
"((40.8179474, 74.032699), (40.8179474, 74.0789962))",0.17031229940366563
"((40.7132255, 74.032699), (40.7132255, 74.0789962))",0.17114120254132958
"((40.8343161, 74.032699), (40.8343161, 74.0789962))",0.17590945212493336
"((40.8218237, 74.032699), (40.8218237, 74.0789962))",0.17151315417429092
"((40.7280021, 74.032699), (40.7280021, 74.0789962))",0.16709365269361004
"((40.8490789, 74.032699), (40.8490789, 74.0789962))",0.18207542487995032
"((40.6997331, 74.032699), (40.6997331, 74.0789962))",0.17584303153122624
"((40.7089076, 74.032699), (40.7089076, 74.0789962))",0.17254507859699145
"((40.8306518, 74.032699), (40.8306518, 74.0789962))",0.1745387459333991
"((40.714675899999996, 74.032699), (40.714675899999996, 74.0789962))",0.1706915528888669
"((40.7131779, 74.032699), (40.7131779, 74.0789962))",0.1711561476664295
"((40.724701399999994, 74.032699), (40.724701399999994, 74.0789962))",0.16789345883911944
"((40.7674572, 74.032699), (40.7674572, 74.0789962))",0.16249483010964713
"((40.748113700000005, 74.032699), (40.748113700000005, 74.0789962))",0.1635807041701822
"((40.8555235, 74.032699), (40.8555235, 74.0789962))",0.18507221909431357
"((40.7570737, 74.032699), (40.7570737, 74.0789962))",0.16279312179822883
"((40.8465604, 74.032699), (40.8465604, 74.0789962))",0.18095319413252775
"((40.7946594, 74.032699), (40.7946594, 74.0789962))",0.16484170328701242
"((40.706559000000006, 74.032699), (40.706559000000006, 74.0789962))",0.17334906842969083
"((40.7524344, 74.032699), (40.7524344, 74.0789962))",0.16313996643239492
"((40.8220834, 74.032699), (40.8220834, 74.0789962))",0.17159643712898998
"((40.7581359, 74.032699), (40.7581359, 74.0789962))",0.1627322140192684
"((40.8149464, 74.032699), (40.8149464, 74.0789962))",0.1694376750016458
"((40.7045455, 74.032699), (40.7045455, 74.0789962))",0.17406061913968957
"((40.816980900000004, 74.032699), (40.816980900000004, 74.0789962))",0.17002532721219546
"((40.882335600000005, 74.032699), (40.882335600000005, 74.0789962))",0.19930115975790402
"((40.7378312, 74.032699), (40.7378312, 74.0789962))",0.16508026593013042
"((40.757240700000004, 74.032699), (40.757240700000004, 74.0789962))",0.16278308814005488
"((40.7605844, 74.032699), (40.7605844, 74.0789962))",0.16261815927983875
"((40.7645358, 74.032699), (40.7645358, 74.0789962))",0.16251175231349596
"((40.868161, 74.032699), (40.868161, 74.0789962))",0.19144303657810188
"((40.756567700000005, 74.032699), (40.756567700000005, 74.0789962))",0.16282456513073462
"((40.8565792, 74.032699), (40.8565792, 74.0789962))",0.18557984974119354
"((40.8029219, 74.032699), (40.8029219, 74.0789962))",0.16643063266362237
"((40.8237179, 74.032699), (40.8237179, 74.0789962))",0.1721286721961614
"((40.838753499999996, 74.032699), (40.838753499999996, 74.0789962))",0.17765639533237568
"((40.8352142, 74.032699), (40.8352142, 74.0789962))",0.17625540228022607
"((40.8540266, 74.032699), (40.8540266, 74.0789962))",0.1843604055144263
"((40.8490411, 74.032699), (40.8490411, 74.0789962))",0.18205837499795016
"((40.8615664, 74.032699), (40.8615664, 74.0789962))",0.1880395489623511
"((40.734226299999996, 74.032699), (40.734226299999996, 74.0789962))",0.16575386049275875
"((40.7748994, 74.032699), (40.7748994, 74.0789962))",0.16268892743688249
"((40.758607299999994, 74.032699), (40.758607299999994, 74.0789962))",0.16270739769983744
"((40.823502500000004, 74.032699), (40.823502500000004, 74.0789962))",0.1720577383383095
"((40.764486299999994, 74.032699), (40.764486299999994, 74.0789962))",0.16251249148374125
"((40.6956953, 74.032699), (40.6956953, 74.0789962))",0.1774254599606624
"((40.7346459, 74.032699), (40.7346459, 74.0789962))",0.1656715631652363
"((40.7554437, 74.032699), (40.7554437, 74.0789962))",0.16290001341563148
"((40.7979274, 74.032699), (40.7979274, 74.0789962))",0.1654226566833074
"((40.812642499999995, 74.032699), (40.812642499999995, 74.0789962))",0.1687993472679715
"((40.726520799999996, 74.032699), (40.726520799999996, 74.0789962))",0.16744501761773298
"((40.7065218, 74.032699), (40.7065218, 74.0789962))",0.17336202897982778
"((40.7348956, 74.032699), (40.7348956, 74.0789962))",0.16562307392643869
"((40.865665, 74.032699), (40.865665, 74.0789962))",0.1901351100029773
"((40.8451914, 74.032699), (40.8451914, 74.0789962))",0.1803549997892036
"((40.843762899999994, 74.032699), (40.843762899999994, 74.0789962))",0.17973980089566466
"((40.821028999999996, 74.032699), (40.821028999999996, 74.0789962))",0.17126049735255147
"((40.726738700000006, 74.032699), (40.726738700000006, 74.0789962))",0.16739255561945435
"((40.714478299999996, 74.032699), (40.714478299999996, 74.0789962))",0.1707521571642737
"((40.7606833, 74.032699), (40.7606833, 74.0789962))",0.16261432534144413
"((40.8581494, 74.032699), (40.8581494, 74.0789962))",0.18634338198756772
"((40.760738399999994, 74.032699), (40.760738399999994, 74.0789962))",0.16261221539713144
"((40.7561874, 74.032699), (40.7561874, 74.0789962))",0.1628492282332431
"((40.730113200000005, 74.032699), (40.730113200000005, 74.0789962))",0.16661437873473656
"((40.7188824, 74.032699), (40.7188824, 74.0789962))",0.16945094129323285
"((40.8330354, 74.032699), (40.8330354, 74.0789962))",0.17542289691418247
"((40.815637, 74.032699), (40.815637, 74.0789962))",0.16963464303214693
"((40.717793, 74.032699), (40.717793, 74.0789962))",0.1697631037741783
"((40.709438299999995, 74.032699), (40.709438299999995, 74.0789962))",0.1723673186432188
"((40.7467909, 74.032699), (40.7467909, 74.0789962))",0.1637381984010231
"((40.7572665, 74.032699), (40.7572665, 74.0789962))",0.16278155325371776
"((40.832355, 74.032699), (40.832355, 74.0789962))",0.1751676628029382
"((40.767717499999996, 74.032699), (40.767717499999996, 74.0789962))",0.16249587061858858
"((40.7346463, 74.032699), (40.7346463, 74.0789962))",0.1656714851996341
"((40.703760100000004, 74.032699), (40.703760100000004, 74.0789962))",0.17434368876816794
"((40.7817572, 74.032699), (40.7817572, 74.0789962))",0.1631683629027493
"((40.8272165, 74.032699), (40.8272165, 74.0789962))",0.17331422823788492
"((40.7623346, 74.032699), (40.7623346, 74.0789962))",0.16255918764020383
"((40.6989958, 74.032699), (40.6989958, 74.0789962))",0.17612613491473206
"((40.698980999999996, 74.032699), (40.698980999999996, 74.0789962))",0.17613184465690107
"((40.7668607, 74.032699), (40.7668607, 74.0789962))",0.1624940182911761
"((40.7531343, 74.032699), (40.7531343, 74.0789962))",0.16307923426436893
"((40.8646634, 74.032699), (40.8646634, 74.0789962))",0.1896169637225632
"((40.7615973, 74.032699), (40.7615973, 74.0789962))",0.16258173629363484
"((40.7020554, 74.032699), (40.7020554, 74.0789962))",0.17496864252134553
"((40.828242200000005, 74.032699), (40.828242200000005, 74.0789962))",0.1736736292456759
"((40.7155287, 74.032699), (40.7155287, 74.0789962))",0.17043237837574296
"((40.69632, 74.032699), (40.69632, 74.0789962))",0.17717554490629397
"((40.8653112, 74.032699), (40.8653112, 74.0789962))",0.18995164085515145
"((40.8385052, 74.032699), (40.8385052, 74.0789962))",0.17755616795471788
"((40.8323783, 74.032699), (40.8323783, 74.0789962))",0.17517636563262223
"((40.8624162, 74.032699), (40.8624162, 74.0789962))",0.18846863108370038
"((40.7402657, 74.032699), (40.7402657, 74.0789962))",0.16466845767909724
"((40.8194877, 74.032699), (40.8194877, 74.0789962))",0.17077995206116578
"((40.7300669, 74.032699), (40.7300669, 74.0789962))",0.16662461793748495
"((40.8628093, 74.032699), (40.8628093, 74.0789962))",0.18866808036404747
"((40.825066299999996, 74.032699), (40.825066299999996, 74.0789962))",0.17257816359045353
"((40.7295852, 74.032699), (40.7295852, 74.0789962))",0.16673187086685742
"((40.876502200000004, 74.032699), (40.876502200000004, 74.0789962))",0.1959812689604938
"((40.8745019, 74.032699), (40.8745019, 74.0789962))",0.19487004809568373
"((40.871534600000004, 74.032699), (40.871534600000004, 74.0789962))",0.19324800285189286
"((40.7878748, 74.032699), (40.7878748, 74.0789962))",0.16383729125264254
"((40.7260578, 74.032699), (40.7260578, 74.0789962))",0.1675573765490574
"((40.816986299999996, 74.032699), (40.816986299999996, 74.0789962))",0.17002691665807898
"((40.772273600000005, 74.032699), (40.772273600000005, 74.0789962))",0.16258158197545994
"((40.756266600000004, 74.032699), (40.756266600000004, 74.0789962))",0.1628440190656165
"((40.80438529999999, 74.032699), (40.80438529999999, 74.0789962))",0.16675315676847918
"((40.7014174, 74.032699), (40.7014174, 74.0789962))",0.1752062294901716
"((40.714372, 74.032699), (40.714372, 74.0789962))",0.17078484524583176
"((40.873830100000006, 74.032699), (40.873830100000006, 74.0789962))",0.19450003556630976
"((40.8604633, 74.032699), (40.8604633, 74.0789962))",0.18748685070226684
"((40.7700943, 74.032699), (40.7700943, 74.0789962))",0.1625246551396221
"((40.695285, 74.032699), (40.695285, 74.0789962))",0.17759060725117873
"((40.87419310000001, 74.032699), (40.87419310000001, 74.0789962))",0.19469976737042033
"((40.7566612, 74.032699), (40.7566612, 74.0789962))",0.16281863696629717
"((40.7724591, 74.032699), (40.7724591, 74.0789962))",0.16258777564655078
"((40.7154874, 74.032699), (40.7154874, 74.0789962))",0.1704448406264102
"((40.710093900000004, 74.032699), (40.710093900000004, 74.0789962))",0.17214972844361945
"((40.6972676, 74.032699), (40.6972676, 74.0789962))",0.17679999096165622
"((40.781640100000004, 74.032699), (40.781640100000004, 74.0789962))",0.16315776923362668
"((40.7925573, 74.032699), (40.7925573, 74.0789962))",0.16450124259790053
"((40.8130295, 74.032699), (40.8130295, 74.0789962))",0.16890454358866003
"((40.8123249, 74.032699), (40.8123249, 74.0789962))",0.16871362980628937
"((40.8385911, 74.032699), (40.8385911, 74.0789962))",0.1775908089876677
"((40.764028499999995, 74.032699), (40.764028499999995, 74.0789962))",0.16252004203326145
"((40.7354587, 74.032699), (40.7354587, 74.0789962))",0.16551505603059963
"((40.7449235, 74.032699), (40.7449235, 74.0789962))",0.16397844199922396
"((40.754476600000004, 74.032699), (40.754476600000004, 74.0789962))",0.16297110646198246
"((40.7029169, 74.032699), (40.7029169, 74.0789962))",0.17465101108442663
"((40.7982933, 74.032699), (40.7982933, 74.0789962))",0.1654915931890599
"((40.724722299999996, 74.032699), (40.724722299999996, 74.0789962))",0.16788820231407825
"((40.8509577, 74.032699), (40.8509577, 74.0789962))",0.1829307071872147
"((40.7254403, 74.032699), (40.7254403, 74.0789962))",0.16770910095237035
"((40.8098588, 74.032699), (40.8098588, 74.0789962))",0.16806698746929352
"((40.823102399999996, 74.032699), (40.823102399999996, 74.0789962))",0.1719266190244063
"((40.7265541, 74.032699), (40.7265541, 74.0789962))",0.16743698295684997
"((40.846293200000005, 74.032699), (40.846293200000005, 74.0789962))",0.18083578059987154
"((40.7870989, 74.032699), (40.7870989, 74.0789962))",0.16373994622331225
"((40.72269779999999, 74.032699), (40.72269779999999, 74.0789962))",0.16840866259193218
"((40.7466463, 74.032699), (40.7466463, 74.0789962))",0.16375605334842663
"((40.8345282, 74.032699), (40.8345282, 74.0789962))",0.17599080148736204
"((40.746613599999996, 74.032699), (40.746613599999996, 74.0789962))",0.1637601085174377
"((40.854726899999996, 74.032699), (40.854726899999996, 74.0789962))",0.1846922470349349
"((40.8244402, 74.032699), (40.8244402, 74.0789962))",0.17236828606725646
"((40.7427927, 74.032699), (40.7427927, 74.0789962))",0.16427807489136417
"((40.7618047, 74.032699), (40.7618047, 74.0789962))",0.1625750557484543
"((40.8373237, 74.032699), (40.8373237, 74.0789962))",0.17708324300964728
"((40.8268409, 74.032699), (40.8268409, 74.0789962))",0.17318395256378083
"((40.7936141, 74.032699), (40.7936141, 74.0789962))",0.16466913802438318
"((40.8546551, 74.032699), (40.8546551, 74.0789962))",0.18465812940483978
"((40.8185615, 74.032699), (40.8185615, 74.0789962))",0.17049723293266036
"((40.8032236, 74.032699), (40.8032236, 74.0789962))",0.16649612403189365
"((40.773019700000006, 74.032699), (40.773019700000006, 74.0789962))",0.16260777823835249
"((40.86277379999999, 74.032699), (40.86277379999999, 74.0789962))",0.18865004355155282
"((40.7992328, 74.032699), (40.7992328, 74.0789962))",0.1656721674301492
"((40.797621500000005, 74.032699), (40.797621500000005, 74.0789962))",0.16536562363953936
"((40.8627792, 74.032699), (40.8627792, 74.0789962))",0.18865278685978637
"((40.8060852, 74.032699), (40.8060852, 74.0789962))",0.1671431092290778
"((40.8141138, 74.032699), (40.8141138, 74.0789962))",0.1692036495233001
"((40.8611893, 74.032699), (40.8611893, 74.0789962))",0.18785006065544443
"((40.803918100000004, 74.032699), (40.803918100000004, 74.0789962))",0.16664886025440992
"((40.8000266, 74.032699), (40.8000266, 74.0789962))",0.16582873309967622
"((40.8494549, 74.032699), (40.8494549, 74.0789962))",0.18224536161014834
"((40.7524253, 74.032699), (40.7524253, 74.0789962))",0.16314077568852287
"((40.7447934, 74.032699), (40.7447934, 74.0789962))",0.1639959587531438
"((40.8054139, 74.032699), (40.8054139, 74.0789962))",0.16698715611451492
"((40.7547731, 74.032699), (40.7547731, 74.0789962))",0.16294870346858514
"((40.8614184, 74.032699), (40.8614184, 74.0789962))",0.18796511328532187
"((40.804895200000004, 74.032699), (40.804895200000004, 74.0789962))",0.1668684039917799
"((40.970498299999996, 74.032699), (40.970498299999996, 74.0789962))",0.2604633893587615
"((40.7601542, 74.032699), (40.7601542, 74.0789962))",0.16263553506218423
"((40.788250500000004, 74.032699), (40.788250500000004, 74.0789962))",0.16388572609380445
"((40.7032039, 74.032699), (40.7032039, 74.0789962))",0.1745460112555211
"((40.715216, 74.032699), (40.715216, 74.0789962))",0.17052696159623154
"((40.855905, 74.032699), (40.855905, 74.0789962))",0.18525512870591238
"((40.71223320000001, 74.032699), (40.71223320000001, 74.0789962))",0.1714552224260364
"((40.820283, 74.032699), (40.820283, 74.0789962))",0.17102634416675142
"((40.816705799999994, 74.032699), (40.816705799999994, 74.0789962))",0.1699445611368693
"((40.7239525, 74.032699), (40.7239525, 74.0789962))",0.16808341992026546
"((40.8351271, 74.032699), (40.8351271, 74.0789962))",0.17622168047801062
"((40.8312477, 74.032699), (40.8312477, 74.0789962))",0.1747571551439703
"((40.7498011, 74.032699), (40.7498011, 74.0789962))",0.16339512392630598
"((40.74759279999999, 74.032699), (40.74759279999999, 74.0789962))",0.1636414649806189
"((40.696745, 74.032699), (40.696745, 74.0789962))",0.17700657956088017
"((40.822570299999995, 74.032699), (40.822570299999995, 74.0789962))",0.1717535300721742
"((40.8164402, 74.032699), (40.8164402, 74.0789962))",0.16986697042616591
"((40.7520171, 74.032699), (40.7520171, 74.0789962))",0.16317759443162774
"((40.8276798, 74.032699), (40.8276798, 74.0789962))",0.1734759078373814
"((40.7961195, 74.032699), (40.7961195, 74.0789962))",0.16509352395201218
"((40.7121144, 74.032699), (40.7121144, 74.0789962))",0.17149316378084198
"((40.743705799999994, 74.032699), (40.743705799999994, 74.0789962))",0.16414635500066116
"((40.7593292, 74.032699), (40.7593292, 74.0789962))",0.162672034566372
"((40.694855, 74.032699), (40.694855, 74.0789962))",0.17776453552900429
"((40.7678847, 74.032699), (40.7678847, 74.0789962))",0.1624967589080259
"((40.8298831, 74.032699), (40.8298831, 74.0789962))",0.1742596075632397
"((40.726017399999996, 74.032699), (40.726017399999996, 74.0789962))",0.16756723776491292
"((40.701318900000004, 74.032699), (40.701318900000004, 74.0789962))",0.17524308851766948
"((40.7080781, 74.032699), (40.7080781, 74.0789962))",0.1728258207563099
"((40.810517, 74.032699), (40.810517, 74.0789962))",0.16823628237881202
"((40.727053600000005, 74.032699), (40.727053600000005, 74.0789962))",0.1673172120424022
"((40.7815249, 74.032699), (40.7815249, 74.0789962))",0.16314742879498065
"((40.758779100000005, 74.032699), (40.758779100000005, 74.0789962))",0.1626986921327055
"((40.7522286, 74.032699), (40.7522286, 74.0789962))",0.16315839114382938
"((40.8725547, 74.032699), (40.8725547, 74.0789962))",0.19380203714516217
"((40.776195, 74.032699), (40.776195, 74.0789962))",0.16275747536701107
"((40.7009092, 74.032699), (40.7009092, 74.0789962))",0.17539691004679217
"((40.8294251, 74.032699), (40.8294251, 74.0789962))",0.17409469462707375
"((40.8061744, 74.032699), (40.8061744, 74.0789962))",0.16716402368800476
"((40.8427196, 74.032699), (40.8427196, 74.0789962))",0.17929635034557836
"((40.8291516, 74.032699), (40.8291516, 74.0789962))",0.17399671533234246
"((40.720405799999995, 74.032699), (40.720405799999995, 74.0789962))",0.1690252261054633
"((40.693573, 74.032699), (40.693573, 74.0789962))",0.17828823268808872
"((40.850564299999995, 74.032699), (40.850564299999995, 74.0789962))",0.18275035304549556
"((40.8331546, 74.032699), (40.8331546, 74.0789962))",0.17546784502650034
"((40.845427799999996, 74.032699), (40.845427799999996, 74.0789962))",0.18045769625040495
"((40.8654661, 74.032699), (40.8654661, 74.0789962))",0.19003190768103684
"((40.75606629999999, 74.032699), (40.75606629999999, 74.0789962))",0.16285726741000256
"((40.8223246, 74.032699), (40.8223246, 74.0789962))",0.17167410302734643
"((40.846532200000006, 74.032699), (40.846532200000006, 74.0789962))",0.18094078740672312
"((40.8415124, 74.032699), (40.8415124, 74.0789962))",0.1787894599834226
"((40.7339903, 74.032699), (40.7339903, 74.0789962))",0.16580059647737255
"((40.707423, 74.032699), (40.707423, 74.0789962))",0.17305002587414572
"((40.775062, 74.032699), (40.775062, 74.0789962))",0.16269696574196812
"((40.7606271, 74.032699), (40.7606271, 74.0789962))",0.16261649661240704
"((40.743754100000004, 74.032699), (40.743754100000004, 74.0789962))",0.16413952595792583
"((40.8481348, 74.032699), (40.8481348, 74.0789962))",0.1816514597932083
"((40.8596311, 74.032699), (40.8596311, 74.0789962))",0.1870731084386382
"((40.7425421, 74.032699), (40.7425421, 74.0789962))",0.16431509429901048
"((40.849777, 74.032699), (40.849777, 74.0789962))",0.1823914282323723
"((40.7534646, 74.032699), (40.7534646, 74.0789962))",0.16305160886738554
"((40.8265105, 74.032699), (40.8265105, 74.0789962))",0.17306994719272767
"((40.790322499999995, 74.032699), (40.790322499999995, 74.0789962))",0.16416803656648005
"((40.7512755, 74.032699), (40.7512755, 74.0789962))",0.16324707555510123
"((40.7330267, 74.032699), (40.7330267, 74.0789962))",0.16599476720430803
"((40.7299395, 74.032699), (40.7299395, 74.0789962))",0.16665285547776426
"((40.8170586, 74.032699), (40.8170586, 74.0789962))",0.17004821265936312
"((40.837003499999994, 74.032699), (40.837003499999994, 74.0789962))",0.17695621591934307
"((40.6987368, 74.032699), (40.6987368, 74.0789962))",0.17622620814453896
"((40.71165070000001, 74.032699), (40.71165070000001, 74.0789962))",0.17164196299976184
"((40.7197091, 74.032699), (40.7197091, 74.0789962))",0.16921835048153677
"((40.7164266, 74.032699), (40.7164266, 74.0789962))",0.17016368990311245
"((40.8720023, 74.032699), (40.8720023, 74.0789962))",0.1935015483045395
"((40.8173711, 74.032699), (40.8173711, 74.0789962))",0.17014058241611246
"((40.8701115, 74.032699), (40.8701115, 74.0789962))",0.19248145990638785
"((40.7062514, 74.032699), (40.7062514, 74.0789962))",0.1734564475047336
"((40.840793299999994, 74.032699), (40.840793299999994, 74.0789962))",0.17849071380957932
"((40.73592070000001, 74.032699), (40.73592070000001, 74.0789962))",0.16542781062569914
"((40.750963299999995, 74.032699), (40.750963299999995, 74.0789962))",0.1632773244705248
"((40.763493100000005, 74.032699), (40.763493100000005, 74.0789962))",0.1625305078872671
"((40.6977355, 74.032699), (40.6977355, 74.0789962))",0.17661613278885985
"((40.758830700000004, 74.032699), (40.758830700000004, 74.0789962))",0.16269611275753612
"((40.8336408, 74.032699), (40.8336408, 74.0789962))",0.17565190077253248
"((40.7535956, 74.032699), (40.7535956, 74.0789962))",0.16304083640868317
"((40.7477643, 74.032699), (40.7477643, 74.0789962))",0.16362127960095177
"((40.7812528, 74.032699), (40.7812528, 74.0789962))",0.1631233253124861
"((40.7535001, 74.032699), (40.7535001, 74.0789962))",0.16304867928717792
"((40.7506664, 74.032699), (40.7506664, 74.0789962))",0.16330663946687185
"((40.7198278, 74.032699), (40.7198278, 74.0789962))",0.16918525980712013
"((40.764818299999995, 74.032699), (40.764818299999995, 74.0789962))",0.16250782232327485
"((40.7077245, 74.032699), (40.7077245, 74.0789962))",0.17294656669877148
"((40.826056799999996, 74.032699), (40.826056799999996, 74.0789962))",0.17291430304345382
"((40.716344799999995, 74.032699), (40.716344799999995, 74.0789962))",0.17018798925013184
"((40.862216499999995, 74.032699), (40.862216499999995, 74.0789962))",0.18836754155027177
"((40.809175, 74.032699), (40.809175, 74.0789962))",0.16789366009425097
"((40.8344511, 74.032699), (40.8344511, 74.0789962))",0.1759612051359454
"((40.8480616, 74.032699), (40.8480616, 74.0789962))",0.18161875168176958
"((40.724960100000004, 74.032699), (40.724960100000004, 74.0789962))",0.16782856530785278
"((40.796793, 74.032699), (40.796793, 74.0789962))",0.16521390075609105
"((40.825292100000006, 74.032699), (40.825292100000006, 74.0789962))",0.1726543493935049
"((40.753946, 74.032699), (40.753946, 74.0789962))",0.16301253603095356
"((40.759439, 74.032699), (40.759439, 74.0789962))",0.162666935907218
"((40.7312271, 74.032699), (40.7312271, 74.0789962))",0.16637173477034123
"((40.809413799999994, 74.032699), (40.809413799999994, 74.0789962))",0.1679538943043689
"((40.8530813, 74.032699), (40.8530813, 74.0789962))",0.18391574872276178
"((40.762637299999994, 74.032699), (40.762637299999994, 74.0789962))",0.16255089767901335
"((40.8546265, 74.032699), (40.8546265, 74.0789962))",0.18464454539383096
"((40.862750299999995, 74.032699), (40.862750299999995, 74.0789962))",0.1886381064161037
"((40.74085170000001, 74.032699), (40.74085170000001, 74.0789962))",0.16457455650619984
"((40.8539631, 74.032699), (40.8539631, 74.0789962))",0.1843304176637551
"((40.8564643, 74.032699), (40.8564643, 74.0789962))",0.1855243763990436
"((40.7110726, 74.032699), (40.7110726, 74.0789962))",0.17182904471317478
"((40.7560436, 74.032699), (40.7560436, 74.0789962))",0.16285878431832584
"((40.69597, 74.032699), (40.69597, 74.0789962))",0.1773153368235298
"((40.841992, 74.032699), (40.841992, 74.0789962))",0.17899003596190388
"((40.6982297, 74.032699), (40.6982297, 74.0789962))",0.17642307967386914
"((40.7649482, 74.032699), (40.7649482, 74.0789962))",0.16250618001837053
"((40.7093867, 74.032699), (40.7093867, 74.0789962))",0.17238453859674305
"((40.7032848, 74.032699), (40.7032848, 74.0789962))",0.17451648760218172
"((40.838083000000005, 74.032699), (40.838083000000005, 74.0789962))",0.17738641300574465
"((40.747881299999996, 74.032699), (40.747881299999996, 74.0789962))",0.16360761054502626
"((40.8651633, 74.032699), (40.8651633, 74.0789962))",0.18987508758721902
"((40.8574606, 74.032699), (40.8574606, 74.0789962))",0.18600719705389027
"((40.71398920000001, 74.032699), (40.71398920000001, 74.0789962))",0.1709030552037079
"((40.7152208, 74.032699), (40.7152208, 74.0789962))",0.1705255057901976
"((40.82495, 74.032699), (40.82495, 74.0789962))",0.17253902568649196
"((40.703433000000004, 74.032699), (40.703433000000004, 74.0789962))",0.17446248782773272
"((40.8368101, 74.032699), (40.8368101, 74.0789962))",0.17687972846907607
"((40.709202000000005, 74.032699), (40.709202000000005, 74.0789962))",0.1724462891385077
"((40.700454, 74.032699), (40.700454, 74.0789962))",0.17556877768681473
"((40.7426641, 74.032699), (40.7426641, 74.0789962))",0.1642970253768851
"((40.7005907, 74.032699), (40.7005907, 74.0789962))",0.175517058186412
"((40.7352815, 74.032699), (40.7352815, 74.0789962))",0.16554884888060298
"((40.73141879999999, 74.032699), (40.73141879999999, 74.0789962))",0.1663306928892053
"((40.7128032, 74.032699), (40.7128032, 74.0789962))",0.17127420983079164
"((40.7248011, 74.032699), (40.7248011, 74.0789962))",0.16786840537424697
"((40.832818200000006, 74.032699), (40.832818200000006, 74.0789962))",0.17534117354507645
"((40.8422807, 74.032699), (40.8422807, 74.0789962))",0.17911128556407196
"((40.829510600000006, 74.032699), (40.829510600000006, 74.0789962))",0.1741254011792783
"((40.74847379999999, 74.032699), (40.74847379999999, 74.0789962))",0.16353965675640614
"((40.755216499999996, 74.032699), (40.755216499999996, 74.0789962))",0.16291620210922247
"((40.7736309, 74.032699), (40.7736309, 74.0789962))",0.16263178540375545
"((40.7582331, 74.032699), (40.7582331, 74.0789962))",0.1627269855865738
"((40.7005115, 74.032699), (40.7005115, 74.0789962))",0.17554701184495444
"((40.7209992, 74.032699), (40.7209992, 74.0789962))",0.16886282896470253
"((40.7675101, 74.032699), (40.7675101, 74.0789962))",0.1624950078103727
"((40.8360425, 74.032699), (40.8360425, 74.0789962))",0.17657791367578685
"((40.722863000000004, 74.032699), (40.722863000000004, 74.0789962))",0.16836534094356292
"((40.7005507, 74.032699), (40.7005507, 74.0789962))",0.17553218246923308
"((40.773136, 74.032699), (40.773136, 74.0789962))",0.16261216965296035
"((40.7717391, 74.032699), (40.7717391, 74.0789962))",0.16256491785650776
"((40.774548200000005, 74.032699), (40.774548200000005, 74.0789962))",0.16267211876705623
"((40.757110100000006, 74.032699), (40.757110100000006, 74.0789962))",0.16279092027288514
"((40.8277445, 74.032699), (40.8277445, 74.0789962))",0.17349857290737006
"((40.8013041, 74.032699), (40.8013041, 74.0789962))",0.16608835784513526
"((40.7843624, 74.032699), (40.7843624, 74.0789962))",0.16342556936160038
"((40.716734100000004, 74.032699), (40.716734100000004, 74.0789962))",0.1700726654394882
"((40.7114433, 74.032699), (40.7114433, 74.0789962))",0.1717088802777902
"((40.8046455, 74.032699), (40.8046455, 74.0789962))",0.166811782183674
"((40.736136, 74.032699), (40.736136, 74.0789962))",0.16538757788674024
"((40.753854499999996, 74.032699), (40.753854499999996, 74.0789962))",0.1630198539285722
"((40.7322626, 74.032699), (40.7322626, 74.0789962))",0.16615254897546033
"((40.6999366, 74.032699), (40.6999366, 74.0789962))",0.17576535733028315
"((40.698002, 74.032699), (40.698002, 74.0789962))",0.17651188219958983
"((40.8629344, 74.032699), (40.8629344, 74.0789962))",0.18873168056149006
"((40.8254985, 74.032699), (40.8254985, 74.0789962))",0.17272421839595634
"((40.7393896, 74.032699), (40.7393896, 74.0789962))",0.16481263106704713
"((40.7612527, 74.032699), (40.7612527, 74.0789962))",0.16259342052498005
"((40.8278718, 74.032699), (40.8278718, 74.0789962))",0.1735432291736081
"((40.71184279999999, 74.032699), (40.71184279999999, 74.0789962))",0.17158018259986563
"((40.855567799999996, 74.032699), (40.855567799999996, 74.0789962))",0.18509342758726854
"((40.813009, 74.032699), (40.813009, 74.0789962))",0.16889895057531806
"((40.8002453, 74.032699), (40.8002453, 74.0789962))",0.1658725100559267
"((40.740950700000006, 74.032699), (40.740950700000006, 74.0789962))",0.16455889341634633
"((40.8660783, 74.032699), (40.8660783, 74.0789962))",0.19035004275348594
"((40.716171200000005, 74.032699), (40.716171200000005, 74.0789962))",0.1702396772540465
"((40.835023, 74.032699), (40.835023, 74.0789962))",0.1761814249432779
"((40.7462802, 74.032699), (40.7462802, 74.0789962))",0.1638018207278624
"((40.720975200000005, 74.032699), (40.720975200000005, 74.0789962))",0.16886935966824185
"((40.80763820000001, 74.032699), (40.80763820000001, 74.0789962))",0.1675136489846846
"((40.87056, 74.032699), (40.87056, 74.0789962))",0.1927222363113397
"((40.763802399999996, 74.032699), (40.763802399999996, 74.0789962))",0.16252424671156934
"((40.710750700000006, 74.032699), (40.710750700000006, 74.0789962))",0.17193397058874596
"((40.696078799999995, 74.032699), (40.696078799999995, 74.0789962))",0.17727181929737984
"((40.702597999999995, 74.032699), (40.702597999999995, 74.0789962))",0.17476816042987622
"((40.8624268, 74.032699), (40.8624268, 74.0789962))",0.18847400127605013
"((40.847768200000004, 74.032699), (40.847768200000004, 74.0789962))",0.18148788830157453
"((40.7585961, 74.032699), (40.7585961, 74.0789962))",0.16270797151612762
"((40.704469, 74.032699), (40.704469, 74.0789962))",0.1740880553324722
"((40.794300299999996, 74.032699), (40.794300299999996, 74.0789962))",0.16478169328615727
"((40.736218799999996, 74.032699), (40.736218799999996, 74.0789962))",0.16537217721552477
"((40.7081244, 74.032699), (40.7081244, 74.0789962))",0.1728100577384373
"((40.6966599, 74.032699), (40.6966599, 74.0789962))",0.17704034360679538
"((40.698563899999996, 74.032699), (40.698563899999996, 74.0789962))",0.17629319396168625
"((40.866327500000004, 74.032699), (40.866327500000004, 74.0789962))",0.19047995301893356
"((40.8018686, 74.032699), (40.8018686, 74.0789962))",0.16620607938533244
"((40.7192312, 74.032699), (40.7192312, 74.0789962))",0.16935235374674365
"((40.742104499999996, 74.032699), (40.742104499999996, 74.0789962))",0.1643806339715629
"((40.724243799999996, 74.032699), (40.724243799999996, 74.0789962))",0.16800915948841255
"((40.7599136, 74.032699), (40.7599136, 74.0789962))",0.16264574824336178
"((40.8438528, 74.032699), (40.8438528, 74.0789962))",0.17977824468217535
"((40.7479844, 74.032699), (40.7479844, 74.0789962))",0.16359563382793207
"((40.7831068, 74.032699), (40.7831068, 74.0789962))",0.16329646841558831
"((40.805182200000004, 74.032699), (40.805182200000004, 74.0789962))",0.16693392155989115
"((40.8541635, 74.032699), (40.8541635, 74.0789962))",0.18442511427810993
"((40.8619078, 74.032699), (40.8619078, 74.0789962))",0.18821158555201575
"((40.760455799999995, 74.032699), (40.760455799999995, 74.0789962))",0.1626232343793563
"((40.7290332, 74.032699), (40.7290332, 74.0789962))",0.16685640154684608
"((40.81600529999999, 74.032699), (40.81600529999999, 74.0789962))",0.1697407422873278
"((40.828753799999994, 74.032699), (40.828753799999994, 74.0789962))",0.17385487595118843
"((40.7662828, 74.032699), (40.7662828, 74.0789962))",0.1624953201203132
"((40.82999, 74.032699), (40.82999, 74.0789962))",0.17429825002232277
"((40.81308, 74.032699), (40.81308, 74.0789962))",0.1689183313226945
"((40.8830659, 74.032699), (40.8830659, 74.0789962))",0.19972489991389186
"((40.8455539, 74.032699), (40.8455539, 74.0789962))",0.18051257910520765
"((40.741618, 74.032699), (40.741618, 74.0789962))",0.16445483364146712
"((40.8512941, 74.032699), (40.8512941, 74.0789962))",0.18308545924156186
"((40.7570347, 74.032699), (40.7570347, 74.0789962))",0.16279548957392212
"((40.7148324, 74.032699), (40.7148324, 74.0789962))",0.17064370115876693
"((40.713787200000006, 74.032699), (40.713787200000006, 74.0789962))",0.1709657460322441
"((40.82855670000001, 74.032699), (40.82855670000001, 74.0789962))",0.1737848925344626
"((40.8524861, 74.032699), (40.8524861, 74.0789962))",0.18363771853542007
"((40.7383411, 74.032699), (40.7383411, 74.0789962))",0.16499112487310566
"((40.8067729, 74.032699), (40.8067729, 74.0789962))",0.1673055146371854
"((40.81878820000001, 74.032699), (40.81878820000001, 74.0789962))",0.17056601072946648
"((40.7928814, 74.032699), (40.7928814, 74.0789962))",0.16455202951335282
"((40.7396469, 74.032699), (40.7396469, 74.0789962))",0.16476981901675108
"((40.7472282, 74.032699), (40.7472282, 74.0789962))",0.16368496683618428
"((40.7639876, 74.032699), (40.7639876, 74.0789962))",0.16252077933619147
"((40.8443444, 74.032699), (40.8443444, 74.0789962))",0.17998911566970816
"((40.769054100000005, 74.032699), (40.769054100000005, 74.0789962))",0.16250778061893875
"((40.748507200000006, 74.032699), (40.748507200000006, 74.0789962))",0.16353588918754997
"((40.79495429999999, 74.032699), (40.79495429999999, 74.0789962))",0.1648915531743608
"((40.7900073, 74.032699), (40.7900073, 74.0789962))",0.16412343484784042
"((40.778147, 74.032699), (40.778147, 74.0789962))",0.16288015901466682
"((40.7591403, 74.032699), (40.7591403, 74.0789962))",0.162680979349932
"((40.7803884, 74.032699), (40.7803884, 74.0789962))",0.16304974295092658
"((40.8277945, 74.032699), (40.8277945, 74.0789962))",0.1735161029152459
"((40.834326000000004, 74.032699), (40.834326000000004, 74.0789962))",0.17591324434289904
"((40.8284953, 74.032699), (40.8284953, 74.0789962))",0.1737631314239412
"((40.749780799999996, 74.032699), (40.749780799999996, 74.0789962))",0.16339725421500506
"((40.745301500000004, 74.032699), (40.745301500000004, 74.0789962))",0.16392812301033843
"((40.7470953, 74.032699), (40.7470953, 74.0789962))",0.16370102272818246
"((40.695586999999996, 74.032699), (40.695586999999996, 74.0789962))",0.1774689738986585
"((40.78188239999999, 74.032699), (40.78188239999999, 74.0789962))",0.16317978154527316
"((40.7230167, 74.032699), (40.7230167, 74.0789962))",0.1683251706109705
"((40.77916810000001, 74.032699), (40.77916810000001, 74.0789962))",0.16295361387245572
"((40.806636, 74.032699), (40.806636, 74.0789962))",0.16727297187305357
"((40.7213966, 74.032699), (40.7213966, 74.0789962))",0.16875515083529344
"((40.7535023, 74.032699), (40.7535023, 74.0789962))",0.16304849798833745
"((40.7599244, 74.032699), (40.7599244, 74.0789962))",0.1626452821804646
"((40.8395969, 74.032699), (40.8395969, 74.0789962))",0.1779990023815119
"((40.748771399999995, 74.032699), (40.748771399999995, 74.0789962))",0.16350632441885243
"((40.739560100000006, 74.032699), (40.739560100000006, 74.0789962))",0.1647842179739687
"((40.7693062, 74.032699), (40.7693062, 74.0789962))",0.16251125916244424
"((40.757696700000004, 74.032699), (40.757696700000004, 74.0789962))",0.16275656043678513
"((40.6971821, 74.032699), (40.6971821, 74.0789962))",0.1768337007430776
"((40.8665179, 74.032699), (40.8665179, 74.0789962))",0.19057937021622756
"((40.853888399999995, 74.032699), (40.853888399999995, 74.0789962))",0.1842951623791665
"((40.822262200000004, 74.032699), (40.822262200000004, 74.0789962))",0.1716539812278301
"((40.80461939999999, 74.032699), (40.80461939999999, 74.0789962))",0.1668058842324305
"((40.754556, 74.032699), (40.754556, 74.0789962))",0.16296505455846322
"((40.836713, 74.032699), (40.836713, 74.0789962))",0.17684139382804123
"((40.7544444, 74.032699), (40.7544444, 74.0789962))",0.16297357172119348
"((40.7572396, 74.032699), (40.7572396, 74.0789962))",0.16278315367151167
"((40.809487, 74.032699), (40.809487, 74.0789962))",0.16797242171452836
"((40.754136700000004, 74.032699), (40.754136700000004, 74.0789962))",0.16299744843773728
"((40.7614967, 74.032699), (40.7614967, 74.0789962))",0.16258507190149096
"((40.735784, 74.032699), (40.735784, 74.0789962))",0.16545349585440175
"((40.695887400000004, 74.032699), (40.695887400000004, 74.0789962))",0.17734841238692176
"((40.7644203, 74.032699), (40.7644203, 74.0789962))",0.1625135004922762
"((40.7707922, 74.032699), (40.7707922, 74.0789962))",0.16253970725752873
"((40.7570815, 74.032699), (40.7570815, 74.0789962))",0.16279264936013846
"((40.8046957, 74.032699), (40.8046957, 74.0789962))",0.16682313702965126
"((40.7553576, 74.032699), (40.7553576, 74.0789962))",0.16290611120532847
"((40.745903000000006, 74.032699), (40.745903000000006, 74.0789962))",0.16384981796463058
"((40.84207670000001, 74.032699), (40.84207670000001, 74.0789962))",0.17902556892582422
"((40.8320347, 74.032699), (40.8320347, 74.0789962))",0.17504829740849823
"((40.763406700000004, 74.032699), (40.763406700000004, 74.0789962))",0.16253236201819315
"((40.697120899999994, 74.032699), (40.697120899999994, 74.0789962))",0.17685785128631687
"((40.7708627, 74.032699), (40.7708627, 74.0789962))",0.1625413943462192
"((40.751553200000004, 74.032699), (40.751553200000004, 74.0789962))",0.16322066644013794
"((40.751667600000005, 74.032699), (40.751667600000005, 74.0789962))",0.16320992324011044
"((40.869062, 74.032699), (40.869062, 74.0789962))",0.19192095315948246
"((40.795782, 74.032699), (40.795782, 74.0789962))",0.16503420224197038
"((40.7930381, 74.032699), (40.7930381, 74.0789962))",0.16457680789252546
"((40.728251799999995, 74.032699), (40.728251799999995, 74.0789962))",0.16703564479476515
"((40.7590305, 74.032699), (40.7590305, 74.0789962))",0.16268627916727627
"((40.8532396, 74.032699), (40.8532396, 74.0789962))",0.18398994733203358
"((40.723637100000005, 74.032699), (40.723637100000005, 74.0789962))",0.1681643560820548
"((40.7033576, 74.032699), (40.7033576, 74.0789962))",0.17448994775643292
"((40.812798, 74.032699), (40.812798, 74.0789962))",0.168841517347019
"((40.798848799999995, 74.032699), (40.798848799999995, 74.0789962))",0.16559774140066988
"((40.8623593, 74.032699), (40.8623593, 74.0789962))",0.18843981187173406
"((40.730630600000005, 74.032699), (40.730630600000005, 74.0789962))",0.1665007892108691
"((40.8342809, 74.032699), (40.8342809, 74.0789962))",0.17589597253380854
"((40.81573770000001, 74.032699), (40.81573770000001, 74.0789962))",0.16966357969822027
"((40.7231651, 74.032699), (40.7231651, 74.0789962))",0.1682865095641724
"((40.694119799999996, 74.032699), (40.694119799999996, 74.0789962))",0.1780639243642653
"((40.7737559, 74.032699), (40.7737559, 74.0789962))",0.1626369777252797
"((40.8254636, 74.032699), (40.8254636, 74.0789962))",0.17271238896397587
"((40.728899, 74.032699), (40.728899, 74.0789962))",0.16688693879822566
"((40.8190713, 74.032699), (40.8190713, 74.0789962))",0.17065228348385336
"((40.7223641, 74.032699), (40.7223641, 74.0789962))",0.16849663132446452
"((40.846391600000004, 74.032699), (40.846391600000004, 74.0789962))",0.18087898266643557
"((40.734558299999996, 74.032699), (40.734558299999996, 74.0789962))",0.16568866001103671
"((40.721822100000004, 74.032699), (40.721822100000004, 74.0789962))",0.16864082074780154
"((40.74562529999999, 74.032699), (40.74562529999999, 74.0789962))",0.1638857000847026
"((40.756611, 74.032699), (40.756611, 74.0789962))",0.16282181314014088
"((40.8183, 74.032699), (40.8183, 74.0789962))",0.17041823735986644
"((40.8096756, 74.032699), (40.8096756, 74.0789962))",0.16802029515758946
"((40.8076764, 74.032699), (40.8076764, 74.0789962))",0.16752293444768523
"((40.8086002, 74.032699), (40.8086002, 74.0789962))",0.1677499794627816
"((40.8422641, 74.032699), (40.8422641, 74.0789962))",0.17910430343153178
"((40.823412899999994, 74.032699), (40.823412899999994, 74.0789962))",0.17202830277606382
"((40.851811, 74.032699), (40.851811, 74.0789962))",0.18332419402316696
"((40.7482456, 74.032699), (40.7482456, 74.0789962))",0.16356557821510903
"((40.7634657, 74.032699), (40.7634657, 74.0789962))",0.16253109091620915
"((40.7526147, 74.032699), (40.7526147, 74.0789962))",0.16312403633313158
"((40.710075200000006, 74.032699), (40.710075200000006, 74.0789962))",0.17215590409498516
"((40.8113937, 74.032699), (40.8113937, 74.0789962))",0.1684655070951141
"((40.796324799999994, 74.032699), (40.796324799999994, 74.0789962))",0.1651299361260794
"((40.7609627, 74.032699), (40.7609627, 74.0789962))",0.16260381870058585
"((40.7153079, 74.032699), (40.7153079, 74.0789962))",0.1704991102909705
"((40.752485799999995, 74.032699), (40.752485799999995, 74.0789962))",0.16313540492487533
"((40.7695618, 74.032699), (40.7695618, 74.0789962))",0.16251518517358032
"((40.8231802, 74.032699), (40.8231802, 74.0789962))",0.17195205027496507
"((40.7060795, 74.032699), (40.7060795, 74.0789962))",0.17351666408415117
"((40.7601857, 74.032699), (40.7601857, 74.0789962))",0.1626342242285214
"((40.790904499999996, 74.032699), (40.790904499999996, 74.0789962))",0.1642519489835454
"((40.8293091, 74.032699), (40.8293091, 74.0789962))",0.17405309276107175
"((40.768002, 74.032699), (40.768002, 74.0789962))",0.16249748477328224
"((40.8253141, 74.032699), (40.8253141, 74.0789962))",0.1726617862692663
"((40.7096278, 74.032699), (40.7096278, 74.0789962))",0.1723041965130344
"((40.700931700000005, 74.032699), (40.700931700000005, 74.0789962))",0.17538844110491306
"((40.697392799999996, 74.032699), (40.697392799999996, 74.0789962))",0.17675069182609382
"((40.860347999999995, 74.032699), (40.860347999999995, 74.0789962))",0.18742936136060237
"((40.8426154, 74.032699), (40.8426154, 74.0789962))",0.1792523338139952
"((40.8584374, 74.032699), (40.8584374, 74.0789962))",0.18648452170666646
"((40.8109803, 74.032699), (40.8109803, 74.0789962))",0.16835688831245774
"((40.728700700000005, 74.032699), (40.728700700000005, 74.0789962))",0.16693224928818354
"((40.8303291, 74.032699), (40.8303291, 74.0789962))",0.1744212055677115
"((40.745082200000006, 74.032699), (40.745082200000006, 74.0789962))",0.16395721175770994
"((40.7737934, 74.032699), (40.7737934, 74.0789962))",0.16263855412344022
"((40.7517633, 74.032699), (40.7517633, 74.0789962))",0.16320099719748307
"((40.7575042, 74.032699), (40.7575042, 74.0789962))",0.162767603794376
"((40.773332, 74.032699), (40.773332, 74.0789962))",0.16261975842327156
"((40.7973495, 74.032699), (40.7973495, 74.0789962))",0.1653153699233487
"((40.808513399999995, 74.032699), (40.808513399999995, 74.0789962))",0.16772844288123348
"((40.8184696, 74.032699), (40.8184696, 74.0789962))",0.1704694296560053
"((40.7453091, 74.032699), (40.7453091, 74.0789962))",0.16392712008600896
"((40.877536, 74.032699), (40.877536, 74.0789962))",0.19656108943339795
"((40.8705438, 74.032699), (40.8705438, 74.0789962))",0.192713526437571
"((40.736385600000006, 74.032699), (40.736385600000006, 74.0789962))",0.16534127422045095
"((40.8364073, 74.032699), (40.8364073, 74.0789962))",0.1767209989397231
"((40.7578393, 74.032699), (40.7578393, 74.0789962))",0.16274852607090778
"((40.8660081, 74.032699), (40.8660081, 74.0789962))",0.19031348974283113
"((40.81874129999999, 74.032699), (40.81874129999999, 74.0789962))",0.170551759440508
"((40.8505075, 74.032699), (40.8505075, 74.0789962))",0.1827243683641948
"((40.7748602, 74.032699), (40.7748602, 74.0789962))",0.1626870137957027
"((40.7044275, 74.032699), (40.7044275, 74.0789962))",0.17410295127335473
"((40.863999, 74.032699), (40.863999, 74.0789962))",0.18927539877502367
"((40.7549724, 74.032699), (40.7549724, 74.0789962))",0.16293394622718413
"((40.874238899999995, 74.032699), (40.874238899999995, 74.0789962))",0.19472500121251315
"((40.7491343, 74.032699), (40.7491343, 74.0789962))",0.1634664022001243
"((40.8256509, 74.032699), (40.8256509, 74.0789962))",0.1727759478272764
"((40.866214, 74.032699), (40.866214, 74.0789962))",0.19042075496763525
"((40.7510076, 74.032699), (40.7510076, 74.0789962))",0.16327299626099484
"((40.837782000000004, 74.032699), (40.837782000000004, 74.0789962))",0.17726590396814768
"((40.832695, 74.032699), (40.832695, 74.0789962))",0.17529492116956508
"((40.808343900000004, 74.032699), (40.808343900000004, 74.0789962))",0.16768650856050982
"((40.809194700000006, 74.032699), (40.809194700000006, 74.0789962))",0.16789861712835552
"((40.7312435, 74.032699), (40.7312435, 74.0789962))",0.16636821537929886
"((40.70113610000001, 74.032699), (40.70113610000001, 74.0789962))",0.17531161900710232
"((40.72636729999999, 74.032699), (40.72636729999999, 74.0789962))",0.1674821348868385
"((40.7020785, 74.032699), (40.7020785, 74.0789962))",0.1749600778248924
"((40.7597088, 74.032699), (40.7597088, 74.0789962))",0.16265472165603742
"((40.7642393, 74.032699), (40.7642393, 74.0789962))",0.16251640513576787
"((40.7604628, 74.032699), (40.7604628, 74.0789962))",0.1626229555167505
"((40.7013238, 74.032699), (40.7013238, 74.0789962))",0.17524125379602434
"((40.7544781, 74.032699), (40.7544781, 74.0789962))",0.16297099177489507
"((40.745960100000005, 74.032699), (40.745960100000005, 74.0789962))",0.1638424973359861
"((40.7046333, 74.032699), (40.7046333, 74.0789962))",0.17402916639532753
"((40.763237700000005, 74.032699), (40.763237700000005, 74.0789962))",0.1625361214500118
"((40.7112458, 74.032699), (40.7112458, 74.0789962))",0.17177281187662483
"((40.746853200000004, 74.032699), (40.746853200000004, 74.0789962))",0.16373054447219879
"((40.7546851, 74.032699), (40.7546851, 74.0789962))",0.162955296610122
"((40.7132244, 74.032699), (40.7132244, 74.0789962))",0.17114154777716092
"((40.7435119, 74.032699), (40.7435119, 74.0789962))",0.1641739103110257
"((40.7532926, 74.032699), (40.7532926, 74.0789962))",0.1630659115788547
"((40.7777157, 74.032699), (40.7777157, 74.0789962))",0.16285104594203023
"((40.819596999999995, 74.032699), (40.819596999999995, 74.0789962))",0.17081361591115374
"((40.734419, 74.032699), (40.734419, 74.0789962))",0.16571593885152539
"((40.7350363, 74.032699), (40.7350363, 74.0789962))",0.16559591099496646
"((40.7248902, 74.032699), (40.7248902, 74.0789962))",0.16784606251492104
"((40.8624678, 74.032699), (40.8624678, 74.0789962))",0.18849477694621614
"((40.7504757, 74.032699), (40.7504757, 74.0789962))",0.16332575048782963
"((40.7084344, 74.032699), (40.7084344, 74.0789962))",0.17270479972358083
"((40.7206638, 74.032699), (40.7206638, 74.0789962))",0.16895438174845534
"((40.8180989, 74.032699), (40.8180989, 74.0789962))",0.17035773592418385
"((40.754987799999995, 74.032699), (40.754987799999995, 74.0789962))",0.1629328160193736
"((40.829969, 74.032699), (40.829969, 74.0789962))",0.17429065439501815
"((40.70063270000001, 74.032699), (40.70063270000001, 74.0789962))",0.1755011860985883
"((40.723893200000006, 74.032699), (40.723893200000006, 74.0789962))",0.16809859495296803
"((40.810477299999995, 74.032699), (40.810477299999995, 74.0789962))",0.16822600303238852
"((40.720169299999995, 74.032699), (40.720169299999995, 74.0789962))",0.16909048651019065
"((40.7605529, 74.032699), (40.7605529, 74.0789962))",0.1626193930132965
"((40.733521100000004, 74.032699), (40.733521100000004, 74.0789962))",0.16589447210468578
"((40.80402, 74.032699), (40.80402, 74.0789962))",0.16667150204172168
"((40.7653751, 74.032699), (40.7653751, 74.0789962))",0.16250151404615606
"((40.7568612, 74.032699), (40.7568612, 74.0789962))",0.1628061359518212
"((40.7521307, 74.032699), (40.7521307, 74.0789962))",0.16316724624265994
"((40.7899594, 74.032699), (40.7899594, 74.0789962))",0.16411670878543536
"((40.845465600000004, 74.032699), (40.845465600000004, 74.0789962))",0.18047414055438724
"((40.7196281, 74.032699), (40.7196281, 74.0789962))",0.16924097538744085
"((40.8234246, 74.032699), (40.8234246, 74.0789962))",0.17203214411918513
"((40.7711205, 74.032699), (40.7711205, 74.0789962))",0.16254782377901325
"((40.791258, 74.032699), (40.791258, 74.0789962))",0.16430390185276592
"((40.73043010000001, 74.032699), (40.73043010000001, 74.0789962))",0.166544625236878
"((40.8361377, 74.032699), (40.8361377, 74.0789962))",0.1766151924269659
"((40.7353235, 74.032699), (40.7353235, 74.0789962))",0.16554082276131377
"((40.7395735, 74.032699), (40.7395735, 74.0789962))",0.16478199219117604
"((40.7736287, 74.032699), (40.7736287, 74.0789962))",0.16263169487776113
"((40.8562646, 74.032699), (40.8562646, 74.0789962))",0.1854280918152498
"((40.75511289999999, 74.032699), (40.75511289999999, 74.0789962))",0.16292368856619066
"((40.8121349, 74.032699), (40.8121349, 74.0789962))",0.16866261555072995
"((40.750977299999995, 74.032699), (40.750977299999995, 74.0789962))",0.16327595535244321
"((40.8676292, 74.032699), (40.8676292, 74.0789962))",0.19116238665063
"((40.7583596, 74.032699), (40.7583596, 74.0789962))",0.16272026779489698
"((40.8618429, 74.032699), (40.8618429, 74.0789962))",0.1881788458940433
"((40.814902000000004, 74.032699), (40.814902000000004, 74.0789962))",0.16942510002252917
"((40.8585571, 74.032699), (40.8585571, 74.0789962))",0.18654328229259284
"((40.7667926, 74.032699), (40.7667926, 74.0789962))",0.16249406487328413
"((40.851487899999995, 74.032699), (40.851487899999995, 74.0789962))",0.18317483300391812
"((40.862592799999994, 74.032699), (40.862592799999994, 74.0789962))",0.18855815829871486
"((40.7807552, 74.032699), (40.7807552, 74.0789962))",0.16308041138887064
"((40.757588899999995, 74.032699), (40.757588899999995, 74.0789962))",0.16276271676035964
"((40.759887, 74.032699), (40.759887, 74.0789962))",0.16264689919160155
"((40.8148934, 74.032699), (40.8148934, 74.0789962))",0.1694226655656318
"((40.8032537, 74.032699), (40.8032537, 74.0789962))",0.16650268655133904
"((40.8546936, 74.032699), (40.8546936, 74.0789962))",0.18467642098991333
"((40.758030100000006, 74.032699), (40.758030100000006, 74.0789962))",0.1627379708466738
"((40.7945528, 74.032699), (40.7945528, 74.0789962))",0.16482380975151412
"((40.7912407, 74.032699), (40.7912407, 74.0789962))",0.1643013420042987
"((40.854423700000005, 74.032699), (40.854423700000005, 74.0789962))",0.18454832086696177
"((40.736698600000004, 74.032699), (40.736698600000004, 74.0789962))",0.16528372349581932
"((40.836002, 74.032699), (40.836002, 74.0789962))",0.1765620677202326
"((40.734005700000004, 74.032699), (40.734005700000004, 74.0789962))",0.16579753691298424
"((40.703461499999996, 74.032699), (40.703461499999996, 74.0789962))",0.1744521157730476
"((40.7088369, 74.032699), (40.7088369, 74.0789962))",0.17256886919955228
"((40.7206589, 74.032699), (40.7206589, 74.0789962))",0.16895572384862495
"((40.787450299999996, 74.032699), (40.787450299999996, 74.0789962))",0.16378358492917772
"((40.8690198, 74.032699), (40.8690198, 74.0789962))",0.19189850119269736
"((40.7592287, 74.032699), (40.7592287, 74.0789962))",0.16267676619238827
"((40.839084899999996, 74.032699), (40.839084899999996, 74.0789962))",0.1777906186344302
"((40.745411100000005, 74.032699), (40.745411100000005, 74.0789962))",0.1639136932928197
"((40.8288521, 74.032699), (40.8288521, 74.0789962))",0.17388985186172798
"((40.7120554, 74.032699), (40.7120554, 74.0789962))",0.17151203417184088
"((40.832741600000006, 74.032699), (40.832741600000006, 74.0789962))",0.17531240723475516
"((40.709559999999996, 74.032699), (40.709559999999996, 74.0789962))",0.1723267592942048
"((40.7279651, 74.032699), (40.7279651, 74.0789962))",0.16710227820497447
"((40.8122679, 74.032699), (40.8122679, 74.0789962))",0.1686983046803192
"((40.818047, 74.032699), (40.818047, 74.0789962))",0.17034215673356876
"((40.7777615, 74.032699), (40.7777615, 74.0789962))",0.16285408351556047
"((40.7713944, 74.032699), (40.7713944, 74.0789962))",0.16255510241011542
"((40.8747783, 74.032699), (40.8747783, 74.0789962))",0.19502275117599738
"((40.6981744, 74.032699), (40.6981744, 74.0789962))",0.17644462365162145
"((40.739760600000004, 74.032699), (40.739760600000004, 74.0789962))",0.16475102499178124
"((40.8247489, 74.032699), (40.8247489, 74.0789962))",0.1724715145153371
"((40.7218778, 74.032699), (40.7218778, 74.0789962))",0.16862592812495467
"((40.717230799999996, 74.032699), (40.717230799999996, 74.0789962))",0.16992670739175425
"((40.7097239, 74.032699), (40.7097239, 74.0789962))",0.17227225658594114
"((40.704150299999995, 74.032699), (40.704150299999995, 74.0789962))",0.17420266987693653
"((40.698996, 74.032699), (40.698996, 74.0789962))",0.17612605776330226
"((40.7915949, 74.032699), (40.7915949, 74.0789962))",0.16435410739136813
"((40.8070764, 74.032699), (40.8070764, 74.0789962))",0.16737803692827666
"((40.8190966, 74.032699), (40.8190966, 74.0789962))",0.1706600142196288
"((40.7666695, 74.032699), (40.7666695, 74.0789962))",0.16249422150000617
"((40.7655543, 74.032699), (40.7655543, 74.0789962))",0.16249988956381806
"((40.8620966, 74.032699), (40.8620966, 74.0789962))",0.18830692300986823
"((40.790325200000005, 74.032699), (40.790325200000005, 74.0789962))",0.16416842118618186
"((40.699471, 74.032699), (40.699471, 74.0789962))",0.1759433691226864
"((40.7527167, 74.032699), (40.7527167, 74.0789962))",0.16311511187260633
"((40.808750399999994, 74.032699), (40.808750399999994, 74.0789962))",0.16778734622957442
"((40.866063, 74.032699), (40.866063, 74.0789962))",0.19034207446343462
"((40.6866757, 74.032699), (40.6866757, 74.0789962))",0.1812354952331682
"((40.76040029999999, 74.032699), (40.76040029999999, 74.0789962))",0.16262545600936243
"((40.7547376, 74.032699), (40.7547376, 74.0789962))",0.16295135751518905
"((40.875058200000005, 74.032699), (40.875058200000005, 74.0789962))",0.19517766504435266
"((40.715496, 74.032699), (40.715496, 74.0789962))",0.17044224483162107
"((40.77114470000001, 74.032699), (40.77114470000001, 74.0789962))",0.16254844829654078
"((40.7669051, 74.032699), (40.7669051, 74.0789962))",0.16249400329025399
"((40.853587700000006, 74.032699), (40.853587700000006, 74.0789962))",0.1841534827420191
"((40.7403456, 74.032699), (40.7403456, 74.0789962))",0.16465553478958084
"((40.853820899999995, 74.032699), (40.853820899999995, 74.0789962))",0.1842633254383881
"((40.8031627, 74.032699), (40.8031627, 74.0789962))",0.16648286222916048
"((40.7673456, 74.032699), (40.7673456, 74.0789962))",0.16249451171299012
"((40.7050585, 74.032699), (40.7050585, 74.0789962))",0.1738773930230504
"((40.7415814, 74.032699), (40.7415814, 74.0789962))",0.16446047262781016
"((40.848634000000004, 74.032699), (40.848634000000004, 74.0789962))",0.18187514709394673
"((40.76778710000001, 74.032699), (40.76778710000001, 74.0789962))",0.16249621948369475
"((40.7182593, 74.032699), (40.7182593, 74.0789962))",0.1696287015756841
"((40.7631261, 74.032699), (40.7631261, 74.0789962))",0.16253870029286263
"((40.8083745, 74.032699), (40.8083745, 74.0789962))",0.16769406710701942
"((40.78406, 74.032699), (40.78406, 74.0789962))",0.1633936038186415
"((40.720892299999996, 74.032699), (40.720892299999996, 74.0789962))",0.16889194209983172
"((40.8691492, 74.032699), (40.8691492, 74.0789962))",0.1919673678674708
"((40.716745, 74.032699), (40.716745, 74.0789962))",0.17006944819056166
"((40.8330896, 74.032699), (40.8330896, 74.0789962))",0.17544332611770683
"((40.742962799999994, 74.032699), (40.742962799999994, 74.0789962))",0.1642531602770646
"((40.7836303, 74.032699), (40.7836303, 74.0789962))",0.16334913404194476
"((40.817357, 74.032699), (40.817357, 74.0789962))",0.17013640340810024
"((40.750431299999995, 74.032699), (40.750431299999995, 74.0789962))",0.1633302316726852
"((40.8277393, 74.032699), (40.8277393, 74.0789962))",0.1734967505120875
"((40.7728554, 74.032699), (40.7728554, 74.0789962))",0.1626017159373268
"((40.807546, 74.032699), (40.807546, 74.0789962))",0.16749127124493307
"((40.8131018, 74.032699), (40.8131018, 74.0789962))",0.16892428757287536
"((40.6958573, 74.032699), (40.6958573, 74.0789962))",0.1773604733762632
"((40.8594001, 74.032699), (40.8594001, 74.0789962))",0.1869587573698932
"((40.8596686, 74.032699), (40.8596686, 74.0789962))",0.18709169223844244
"((40.8401361, 74.032699), (40.8401361, 74.0789962))",0.17821978329830368
"((40.748163299999995, 74.032699), (40.748163299999995, 74.0789962))",0.16357500385527443
"((40.7560646, 74.032699), (40.7560646, 74.0789962))",0.1628573809019502
"((40.790490999999996, 74.032699), (40.790490999999996, 74.0789962))",0.1641921230334853
"((40.852721100000004, 74.032699), (40.852721100000004, 74.0789962))",0.18374731180317924
"((40.7079014, 74.032699), (40.7079014, 74.0789962))",0.17288607972003606
"((40.8369555, 74.032699), (40.8369555, 74.0789962))",0.1769372158402359
"((40.79848320000001, 74.032699), (40.79848320000001, 74.0789962))",0.1655276783416112
"((40.7946044, 74.032699), (40.7946044, 74.0789962))",0.16483246279651126
"((40.7678492, 74.032699), (40.7678492, 74.0789962))",0.162496555920312
"((40.7623551, 74.032699), (40.7623551, 74.0789962))",0.16255860843182993
"((40.789803899999995, 74.032699), (40.789803899999995, 74.0789962))",0.1640949681288648
"((40.704282299999996, 74.032699), (40.704282299999996, 74.0789962))",0.1741551369218056
"((40.7736546, 74.032699), (40.7736546, 74.0789962))",0.16263276249957498
"((40.7416896, 74.032699), (40.7416896, 74.0789962))",0.16444382517821313
"((40.732232200000006, 74.032699), (40.732232200000006, 74.0789962))",0.166158895962155
"((40.8308999, 74.032699), (40.8308999, 74.0789962))",0.17462946564773565
"((40.8270633, 74.032699), (40.8270633, 74.0789962))",0.1732610048056218
"((40.83599, 74.032699), (40.83599, 74.0789962))",0.1765573741332949
"((40.7267253, 74.032699), (40.7267253, 74.0789962))",0.1673957741170688
"((40.726613799999996, 74.032699), (40.726613799999996, 74.0789962))",0.16742259409053167
"((40.696894, 74.032699), (40.696894, 74.0789962))",0.17694754577117525
"((40.70286970000001, 74.032699), (40.70286970000001, 74.0789962))",0.17466831845990635
"((40.7128144, 74.032699), (40.7128144, 74.0789962))",0.17127067017899616
"((40.7150462, 74.032699), (40.7150462, 74.0789962))",0.17057853964248285
"((40.748298299999995, 74.032699), (40.748298299999995, 74.0789962))",0.16355956406231045
"((40.8099244, 74.032699), (40.8099244, 74.0789962))",0.16808375238423134
"((40.773218299999996, 74.032699), (40.773218299999996, 74.0789962))",0.16261532743334223
"((40.8344338, 74.032699), (40.8344338, 74.0789962))",0.17595456814758698
"((40.8159595, 74.032699), (40.8159595, 74.0789962))",0.16972750839770642
"((40.71793579999999, 74.032699), (40.71793579999999, 74.0789962))",0.1697218195754548
"((40.853823799999994, 74.032699), (40.853823799999994, 74.0789962))",0.18426469285243724
"((40.7921312, 74.032699), (40.7921312, 74.0789962))",0.1644354202705834
"((40.744414500000005, 74.032699), (40.744414500000005, 74.0789962))",0.1640475512736858
"((40.7338831, 74.032699), (40.7338831, 74.0789962))",0.16582193228910544
"((40.697756700000006, 74.032699), (40.697756700000006, 74.0789962))",0.17660782721389026
"((40.8654053, 74.032699), (40.8654053, 74.0789962))",0.19000039103184527
"((40.7616157, 74.032699), (40.7616157, 74.0789962))",0.16258113292880266
"((40.80445, 74.032699), (40.80445, 74.0789962))",0.16676769826571256
"((40.84401629999999, 74.032699), (40.84401629999999, 74.0789962))",0.17984825603339308
"((40.8692446, 74.032699), (40.8692446, 74.0789962))",0.192018179770158
"((40.726738399999995, 74.032699), (40.726738399999995, 74.0789962))",0.16739262766431195
"((40.7541404, 74.032699), (40.7541404, 74.0789962))",0.1629971578978081
"((40.7000719, 74.032699), (40.7000719, 74.0789962))",0.1757138259182031
"((40.849864600000004, 74.032699), (40.849864600000004, 74.0789962))",0.18243123141130388
"((40.750539200000006, 74.032699), (40.750539200000006, 74.0789962))",0.1633193623486287
"((40.7493613, 74.032699), (40.7493613, 74.0789962))",0.1634418348778946
"((40.873870700000005, 74.032699), (40.873870700000005, 74.0789962))",0.19452235125664974
"((40.7638097, 74.032699), (40.7638097, 74.0789962))",0.16252410604465117
"((40.7384592, 74.032699), (40.7384592, 74.0789962))",0.16497069647050244
"((40.733042299999994, 74.032699), (40.733042299999994, 74.0789962))",0.16599158098003966
"((40.8347197, 74.032699), (40.8347197, 74.0789962))",0.17606443707805966
"((40.761404799999994, 74.032699), (40.761404799999994, 74.0789962))",0.16258817338602174
"((40.7602227, 74.032699), (40.7602227, 74.0789962))",0.16263269229774496
"((40.7391745, 74.032699), (40.7391745, 74.0789962))",0.1648487211442445
"((40.7131741, 74.032699), (40.7131741, 74.0789962))",0.1711573412789882
"((40.7531659, 74.032699), (40.7531659, 74.0789962))",0.16307656258829142
"((40.7422862, 74.032699), (40.7422862, 74.0789962))",0.16435328234800378
"((40.696988899999994, 74.032699), (40.696988899999994, 74.0789962))",0.17691000154658604
"((40.8208359, 74.032699), (40.8208359, 74.0789962))",0.1711996063652414
"((40.7142576, 74.032699), (40.7142576, 74.0789962))",0.17082009105501045
"((40.7087029, 74.032699), (40.7087029, 74.0789962))",0.17261403075651904
"((40.8696719, 74.032699), (40.8696719, 74.0789962))",0.19224618419832
"((40.7569595, 74.032699), (40.7569595, 74.0789962))",0.16280008140935598
"((40.8162198, 74.032699), (40.8162198, 74.0789962))",0.16980287264944482
"((40.74744260000001, 74.032699), (40.74744260000001, 74.0789962))",0.16365928894823714
"((40.7357201, 74.032699), (40.7357201, 74.0789962))",0.1654655397032644
"((40.8066187, 74.032699), (40.8066187, 74.0789962))",0.16726886698012178
"((40.7915146, 74.032699), (40.7915146, 74.0789962))",0.16434207962126846
"((40.700688899999996, 74.032699), (40.700688899999996, 74.0789962))",0.17547996121270598
"((40.7087286, 74.032699), (40.7087286, 74.0789962))",0.17260536202749405
"((40.741969899999994, 74.032699), (40.741969899999994, 74.0789962))",0.16440102209661922
"((40.7436157, 74.032699), (40.7436157, 74.0789962))",0.1641591312855085
"((40.7140907, 74.032699), (40.7140907, 74.0789962))",0.17087163607343506
"((40.7936694, 74.032699), (40.7936694, 74.0789962))",0.16467810563205829
"((40.8096295, 74.032699), (40.8096295, 74.0789962))",0.1680085750338166
"((40.714788899999995, 74.032699), (40.714788899999995, 74.0789962))",0.1706569887441266
"((40.7548687, 74.032699), (40.7548687, 74.0789962))",0.16294159447732445
"((40.7282674, 74.032699), (40.7282674, 74.0789962))",0.16703203247330314
"((40.7656084, 74.032699), (40.7656084, 74.0789962))",0.16249943796937594
"((40.7770874, 74.032699), (40.7770874, 74.0789962))",0.16281067046162295
"((40.820083200000006, 74.032699), (40.820083200000006, 74.0789962))",0.1709641295043039
"((40.7906358, 74.032699), (40.7906358, 74.0789962))",0.16421295697965865
"((40.8454408, 74.032699), (40.8454408, 74.0789962))",0.18046335097466143
"((40.72704470000001, 74.032699), (40.72704470000001, 74.0789962))",0.16731933380100453
"((40.695157, 74.032699), (40.695157, 74.0789962))",0.17764229024824557
"((40.8263242, 74.032699), (40.8263242, 74.0789962))",0.17300590897701745
"((40.7557892, 74.032699), (40.7557892, 74.0789962))",0.1628759998218365
"((40.8396888, 74.032699), (40.8396888, 74.0789962))",0.17803653568019015
"((40.7105568, 74.032699), (40.7105568, 74.0789962))",0.17199743369307136
"((40.6992565, 74.032699), (40.6992565, 74.0789962))",0.1760257322259806
"((40.704313299999995, 74.032699), (40.704313299999995, 74.0789962))",0.1741439865061463
"((40.7667304, 74.032699), (40.7667304, 74.0789962))",0.1624941323579503
"((40.8372539, 74.032699), (40.8372539, 74.0789962))",0.17705551094279443
"((40.8454952, 74.032699), (40.8454952, 74.0789962))",0.18048702205633613
"((40.8457673, 74.032699), (40.8457673, 74.0789962))",0.1806056203617535
"((40.8643376, 74.032699), (40.8643376, 74.0789962))",0.18944925725915127
"((40.758956299999994, 74.032699), (40.758956299999994, 74.0789962))",0.16268990250858553
"((40.82606989999999, 74.032699), (40.82606989999999, 74.0789962))",0.1729187823413437
"((40.7389859, 74.032699), (40.7389859, 74.0789962))",0.16488058936579697
"((40.704418, 74.032699), (40.704418, 74.0789962))",0.1741063623996627
"((40.8691838, 74.032699), (40.8691838, 74.0789962))",0.19198579257852577
"((40.8190818, 74.032699), (40.8190818, 74.0789962))",0.1706554914791893
"((40.7982825, 74.032699), (40.7982825, 74.0789962))",0.16548954726535875
"((40.7716427, 74.032699), (40.7716427, 74.0789962))",0.1625620992729029
"((40.7652328, 74.032699), (40.7652328, 74.0789962))",0.16250294477640415
"((40.871412899999996, 74.032699), (40.871412899999996, 74.0789962))",0.19318215900029037
"((40.7184654, 74.032699), (40.7184654, 74.0789962))",0.16956967181003366
"((40.8623466, 74.032699), (40.8623466, 74.0789962))",0.18843338120790776
"((40.8273684, 74.032699), (40.8273684, 74.0789962))",0.17336711756375117
"((40.746720399999994, 74.032699), (40.746720399999994, 74.0789962))",0.1637468879055815
"((40.813319299999996, 74.032699), (40.813319299999996, 74.0789962))",0.16898385596930054
"((40.7417265, 74.032699), (40.7417265, 74.0789962))",0.16443816370810282
"((40.7522643, 74.032699), (40.7522643, 74.0789962))",0.1631551765597797
"((40.739724700000004, 74.032699), (40.739724700000004, 74.0789962))",0.1647569508324688
"((40.7509997, 74.032699), (40.7509997, 74.0789962))",0.16327376723654305
"((40.7253264, 74.032699), (40.7253264, 74.0789962))",0.1677373203731434
"((40.810728499999996, 74.032699), (40.810728499999996, 74.0789962))",0.16829119240914922
"((40.8703476, 74.032699), (40.8703476, 74.0789962))",0.19260811709802067
"((40.735617700000006, 74.032699), (40.735617700000006, 74.0789962))",0.1654848896425662
"((40.724397700000004, 74.032699), (40.724397700000004, 74.0789962))",0.1679701168184751
"((40.830269200000004, 74.032699), (40.830269200000004, 74.0789962))",0.17439944455749942
"((40.7202559, 74.032699), (40.7202559, 74.0789962))",0.1690665544204787
"((40.747165700000004, 74.032699), (40.747165700000004, 74.0789962))",0.16369250433178878
"((40.7068396, 74.032699), (40.7068396, 74.0789962))",0.17325153297804344
"((40.815699, 74.032699), (40.815699, 74.0789962))",0.16965245256536637
"((40.697520700000005, 74.032699), (40.697520700000005, 74.0789962))",0.17670040692769062
"((40.7372039, 74.032699), (40.7372039, 74.0789962))",0.16519202415738135
"((40.70493270000001, 74.032699), (40.70493270000001, 74.0789962))",0.17392220232624517
"((40.7009564, 74.032699), (40.7009564, 74.0789962))",0.17537914694159598
"((40.7514502, 74.032699), (40.7514502, 74.0789962))",0.16323040706241856
"((40.705191299999996, 74.032699), (40.705191299999996, 74.0789962))",0.17383017660421576
"((40.863484299999996, 74.032699), (40.863484299999996, 74.0789962))",0.18901197501283754
"((40.7547158, 74.032699), (40.7547158, 74.0789962))",0.16295299113548953
"((40.803299200000005, 74.032699), (40.803299200000005, 74.0789962))",0.16651261647684204
"((40.840557200000006, 74.032699), (40.840557200000006, 74.0789962))",0.17839315035158979
"((40.7294232, 74.032699), (40.7294232, 74.0789962))",0.16676823813053449
"((40.8362612, 74.032699), (40.8362612, 74.0789962))",0.17666361771333766
"((40.789262, 74.032699), (40.789262, 74.0789962))",0.16402033392736215
"((40.826283000000004, 74.032699), (40.826283000000004, 74.0789962))",0.17299177089978657
"((40.799583500000004, 74.032699), (40.799583500000004, 74.0789962))",0.16574088742520282
"((40.7633205, 74.032699), (40.7633205, 74.0789962))",0.16253425760526005
"((40.7470982, 74.032699), (40.7470982, 74.0789962))",0.16370067123919405
"((40.868473, 74.032699), (40.868473, 74.0789962))",0.19160818582473105
"((40.8077816, 74.032699), (40.8077816, 74.0789962))",0.16754854829106533
"((40.7515542, 74.032699), (40.7515542, 74.0789962))",0.1632205721867279
"((40.743469, 74.032699), (40.743469, 74.0789962))",0.16418003718309634
"((40.7935489, 74.032699), (40.7935489, 74.0789962))",0.1646585882339979
"((40.8261112, 74.032699), (40.8261112, 74.0789962))",0.17293290983373805
"((40.794501399999994, 74.032699), (40.794501399999994, 74.0789962))",0.1648152058548091
"((40.805885100000005, 74.032699), (40.805885100000005, 74.0789962))",0.16709635607425413
"((40.7470481, 74.032699), (40.7470481, 74.0789962))",0.16370675063079348
"((40.7339269, 74.032699), (40.7339269, 74.0789962))",0.1658132068166244
"((40.7938734, 74.032699), (40.7938734, 74.0789962))",0.16471134321401043
"((40.80900379999999, 74.032699), (40.80900379999999, 74.0789962))",0.16785067289708117
"((40.753940500000006, 74.032699), (40.753940500000006, 74.0789962))",0.16301297446305543
"((40.711012200000006, 74.032699), (40.711012200000006, 74.0789962))",0.17184869150319912
"((40.7464255, 74.032699), (40.7464255, 74.0789962))",0.163783559880999
"((40.717791, 74.032699), (40.717791, 74.0789962))",0.16976368276590442
"((40.77868839999999, 74.032699), (40.77868839999999, 74.0789962))",0.16291831277165578
"((40.851632, 74.032699), (40.851632, 74.0789962))",0.18324139147486437
"((40.8178549, 74.032699), (40.8178549, 74.0789962))",0.17028461794423402
"((40.6983128, 74.032699), (40.6983128, 74.0789962))",0.176390732922687
"((40.8490354, 74.032699), (40.8490354, 74.0789962))",0.1820558045264248
"((40.7665087, 74.032699), (40.7665087, 74.0789962))",0.16249456656397182
"((40.7562432, 74.032699), (40.7562432, 74.0789962))",0.16284555414613855
"((40.8219105, 74.032699), (40.8219105, 74.0789962))",0.17154095074148884
"((40.7261874, 74.032699), (40.7261874, 74.0789962))",0.16752580438894338
"((40.8006945, 74.032699), (40.8006945, 74.0789962))",0.16596329362510678
"((40.8129507, 74.032699), (40.8129507, 74.0789962))",0.1688830571798539
"((40.871495, 74.032699), (40.871495, 74.0789962))",0.19322657195076717
"((40.814367100000005, 74.032699), (40.814367100000005, 74.0789962))",0.16927444737612993
"((40.7169186, 74.032699), (40.7169186, 74.0789962))",0.17001829432341242
"((40.7744559, 74.032699), (40.7744559, 74.0789962))",0.16266782676243374
"((40.7964948, 74.032699), (40.7964948, 74.0789962))",0.16516027453659465
"((40.815315000000005, 74.032699), (40.815315000000005, 74.0789962))",0.1695424829234378
"((40.749630200000006, 74.032699), (40.749630200000006, 74.0789962))",0.16341313611139913
"((40.7533185, 74.032699), (40.7533185, 74.0789962))",0.16306374633404241
"((40.8202777, 74.032699), (40.8202777, 74.0789962))",0.17102469110632404
"((40.8055054, 74.032699), (40.8055054, 74.0789962))",0.16700826268710076
"((40.694001, 74.032699), (40.694001, 74.0789962))",0.17811253978943245
"((40.789295200000005, 74.032699), (40.789295200000005, 74.0789962))",0.164024855954101
"((40.8375115, 74.032699), (40.8375115, 74.0789962))",0.1771579723514967
"((40.7581441, 74.032699), (40.7581441, 74.0789962))",0.16273177070164546
"((40.81137639999999, 74.032699), (40.81137639999999, 74.0789962))",0.16846094267207168
"((40.8468838, 74.032699), (40.8468838, 74.0789962))",0.18109572869619028
"((40.697765600000004, 74.032699), (40.697765600000004, 74.0789962))",0.17660434108153084
"((40.777255700000005, 74.032699), (40.777255700000005, 74.0789962))",0.1628212489093893
